41.084031|2886758450|922695515.0|922695762.0|172.016.112.050|ps
41.084031|3516555880|922695577.0|922695693.0|209.154.098.104|ps
41.084031|2886758450|922696167.0|922696210.0|172.016.112.050|ps
41.084031|2886758450|922696814.0|922698280.0|172.016.112.050|ps
41.084818|2886758962|922697292.0|922697294.0|172.016.114.050|sendmail
41.084818|3392271370|922697292.0|922697293.0|202.049.244.010|sendmail
41.090000|2886758500|922698480.0|922698960.0|172.16.112.100|ntfsdos
41.091531|2886758706|922698905.0|922698906.0|172.016.113.050|portsweep
41.091531|2886758706|922699521.0|922699522.0|172.016.113.050|portsweep
41.091531|2886758706|922700136.0|922700137.0|172.016.113.050|portsweep
41.093708|2886758962|922700183.0|922700184.0|172.016.114.050|sshtrojan
41.093708|3394085589|922700183.0|922700184.0|202.077.162.213|sshtrojan
41.093708|2886758962|922700315.0|922700506.0|172.016.114.050|sshtrojan
41.093708|2265831615|922700377.0|922700408.0|135.013.216.191|sshtrojan
41.111531|3232235777|922706115.0|922706116.0|192.168.001.001|portsweep
41.111531|3232235777|922706175.0|922706176.0|192.168.001.001|portsweep
41.111531|3232235777|922706235.0|922706236.0|192.168.001.001|portsweep
41.111531|3232235777|922706295.0|922706296.0|192.168.001.001|portsweep
41.111531|3232235777|922706355.0|922706356.0|192.168.001.001|portsweep
41.112127|2886759080|922706563.0|922706640.0|172.016.114.168|xsnoop
41.114554|2886729729|922707912.0|922709447.0|172.016.000.001|snmpget
41.114554|2886729729|922709448.0|922709923.0|172.016.000.001|snmpget
41.114703|2886758706|922708036.0|922708046.0|172.016.113.050|guesstelnet
41.122222|2886758500|922710135.0|922710136.0|172.016.112.100|portsweep
41.122222|2573990973|922710135.0|922710138.0|153.107.252.061|portsweep
41.122222|2886758500|922710235.0|922710236.0|172.016.112.100|portsweep
41.122222|2886758500|922710335.0|922710336.0|172.016.112.100|portsweep
41.122222|2886758500|922710435.0|922710436.0|172.016.112.100|portsweep
41.133333|2886758450|922714396.0|922714417.0|172.016.112.050|guessftp
41.133333|2886760006|922714400.0|922714401.0|172.016.118.070|guessftp
41.133333|2886760006|922714405.0|922714406.0|172.016.118.070|guessftp
41.133333|2886760006|922714409.0|922714410.0|172.016.118.070|guessftp
41.133333|2886760006|922714413.0|922714414.0|172.016.118.070|guessftp
41.133333|2886760006|922714417.0|922714418.0|172.016.118.070|guessftp
41.135830|2886758450|922715896.0|922715908.0|172.016.112.050|ftpwrite
41.135830|3256613653|922715900.0|922715901.0|194.027.251.021|ftpwrite
41.135830|2886758450|922716209.0|922716241.0|172.016.112.050|ftpwrite
41.155048|2886758500|922722615.0|922724021.0|172.016.112.100|yaga
41.155048|2886758500|922737016.0|922737801.0|172.016.112.100|yaga
41.161308|2886758500|922723988.0|922724893.0|172.016.112.100|crashiis
41.162715|2886759081|922724830.0|922724831.0|172.016.114.169|portsweep
41.162715|2886759081|922724836.0|922724837.0|172.016.114.169|portsweep
41.162715|2886759081|922724902.0|922724903.0|172.016.114.169|portsweep
41.162715|2886759081|922724908.0|922724909.0|172.016.114.169|portsweep
41.162715|2886759081|922724974.0|922724975.0|172.016.114.169|portsweep
41.162715|2886759081|922724980.0|922724981.0|172.016.114.169|portsweep
41.162715|2886759081|922725046.0|922725047.0|172.016.114.169|portsweep
41.162715|2886759081|922725052.0|922725053.0|172.016.114.169|portsweep
41.162715|2886759081|922725119.0|922725120.0|172.016.114.169|portsweep
41.162715|2886759081|922725125.0|922725126.0|172.016.114.169|portsweep
41.182453|2886758450|922731859.0|922732380.0|172.016.112.050|secret
41.182453|3279149676|922732065.0|922732066.0|195.115.218.108|secret
41.213446|2886758450|922743256.0|922743257.0|172.016.112.050|smurf
41.213446|2886758450|922743266.0|922743267.0|172.016.112.050|smurf
42.090909|2886758450|922784957.0|922785116.0|172.016.112.050|httptunnel
42.090909|3317062633|922785044.0|922785051.0|197.182.091.233|httptunnel
42.094131|2886758962|922786872.0|922786873.0|172.016.114.050|phf
42.104107|2886758706|922790472.0|922792042.0|172.016.113.050|loadmodule
42.112913|2886758450|922793357.0|922793462.0|172.016.112.050|ps
42.112913|3470656453|922793450.0|922793451.0|206.222.003.197|ps
42.112913|2886758450|922794430.0|922795509.0|172.016.112.050|ps
42.120000|2886758500|922795200.0|922795800.0|172.16.112.100|ntfsdos
42.122248|2886758962|922796533.0|922799682.0|172.016.114.050|secret
42.122248|3319443781|922798088.0|922798097.0|197.218.177.069|secret
42.122248|3319443781|922798410.0|922799311.0|197.218.177.069|secret
42.135452|2886758594|922802057.0|922802126.0|172.016.112.194|sqlattack
42.143228|2886758500|922804335.0|922804341.0|172.016.112.100|sechole
42.143228|3449868478|922804339.0|922804341.0|205.160.208.190|sechole
42.143228|2886758500|922804343.0|922804736.0|172.016.112.100|sechole
42.143228|2886758500|922822335.0|922822627.0|172.016.112.100|sechole
42.145441|2886758706|922805650.0|922806551.0|172.016.113.050|land
42.155148|2886758962|922809076.0|922809343.0|172.016.114.050|mailbomb
42.155148|2886758420|922809076.0|922809077.0|172.016.112.020|mailbomb
42.155148|3256613653|922809076.0|922809077.0|194.027.251.021|mailbomb
42.155148|3256613653|922809078.0|922809080.0|194.027.251.021|mailbomb
42.155148|2886758594|922809078.0|922809080.0|172.016.112.194|mailbomb
42.155148|3256613653|922809081.0|922809084.0|194.027.251.021|mailbomb
42.155148|3256613653|922809085.0|922809090.0|194.027.251.021|mailbomb
42.155148|2886758420|922809086.0|922809087.0|172.016.112.020|mailbomb
42.155148|3256613653|922809091.0|922809096.0|194.027.251.021|mailbomb
42.155148|2886758420|922809096.0|922809097.0|172.016.112.020|mailbomb
42.155148|3256613653|922809097.0|922809103.0|194.027.251.021|mailbomb
42.155148|3256613653|922809104.0|922809109.0|194.027.251.021|mailbomb
42.155148|2886758420|922809106.0|922809107.0|172.016.112.020|mailbomb
42.155148|3256613653|922809110.0|922809115.0|194.027.251.021|mailbomb
42.155148|2886758420|922809116.0|922809117.0|172.016.112.020|mailbomb
42.155148|3256613653|922809116.0|922809121.0|194.027.251.021|mailbomb
42.155148|3256613653|922809122.0|922809127.0|194.027.251.021|mailbomb
42.155148|2886758420|922809126.0|922809127.0|172.016.112.020|mailbomb
42.155148|3256613653|922809128.0|922809132.0|194.027.251.021|mailbomb
42.155148|3256613653|922809133.0|922809139.0|194.027.251.021|mailbomb
42.155148|2886758420|922809138.0|922809139.0|172.016.112.020|mailbomb
42.155148|3256613653|922809140.0|922809145.0|194.027.251.021|mailbomb
42.155148|3256613653|922809146.0|922809151.0|194.027.251.021|mailbomb
42.155148|2886758420|922809148.0|922809149.0|172.016.112.020|mailbomb
42.155148|3256613653|922809152.0|922809158.0|194.027.251.021|mailbomb
42.155148|2886758420|922809159.0|922809160.0|172.016.112.020|mailbomb
42.155148|3256613653|922809159.0|922809189.0|194.027.251.021|mailbomb
42.155148|2886758420|922809169.0|922809170.0|172.016.112.020|mailbomb
42.155148|2886758420|922809190.0|922809191.0|172.016.112.020|mailbomb
42.155148|3256613653|922809190.0|922809195.0|194.027.251.021|mailbomb
42.155148|3256613653|922809196.0|922809201.0|194.027.251.021|mailbomb
42.155148|3256613653|922809202.0|922809208.0|194.027.251.021|mailbomb
42.155148|2886758420|922809202.0|922809203.0|172.016.112.020|mailbomb
42.155148|3256613653|922809209.0|922809215.0|194.027.251.021|mailbomb
42.155148|2886758420|922809214.0|922809215.0|172.016.112.020|mailbomb
42.155148|3256613653|922809216.0|922809221.0|194.027.251.021|mailbomb
42.155148|3256613653|922809222.0|922809228.0|194.027.251.021|mailbomb
42.155148|2886758420|922809224.0|922809225.0|172.016.112.020|mailbomb
42.155148|3256613653|922809229.0|922809235.0|194.027.251.021|mailbomb
42.155148|2886758420|922809234.0|922809235.0|172.016.112.020|mailbomb
42.155148|3256613653|922809236.0|922809242.0|194.027.251.021|mailbomb
42.155148|3256613653|922809243.0|922809249.0|194.027.251.021|mailbomb
42.155148|2886758420|922809244.0|922809245.0|172.016.112.020|mailbomb
42.155148|3256613653|922809250.0|922809256.0|194.027.251.021|mailbomb
42.155148|2886758420|922809255.0|922809256.0|172.016.112.020|mailbomb
42.155148|3256613653|922809257.0|922809262.0|194.027.251.021|mailbomb
42.155148|3256613653|922809263.0|922809269.0|194.027.251.021|mailbomb
42.155148|2886758420|922809266.0|922809267.0|172.016.112.020|mailbomb
42.155148|3256613653|922809270.0|922809277.0|194.027.251.021|mailbomb
42.155148|2886758420|922809276.0|922809277.0|172.016.112.020|mailbomb
42.155148|3256613653|922809278.0|922809283.0|194.027.251.021|mailbomb
42.155148|3256613653|922809284.0|922809290.0|194.027.251.021|mailbomb
42.155148|2886758420|922809286.0|922809287.0|172.016.112.020|mailbomb
42.155148|3256613653|922809291.0|922809297.0|194.027.251.021|mailbomb
42.155148|3256613653|922809298.0|922809304.0|194.027.251.021|mailbomb
42.155148|2886758420|922809299.0|922809300.0|172.016.112.020|mailbomb
42.155148|3256613653|922809305.0|922809311.0|194.027.251.021|mailbomb
42.155148|2886758420|922809309.0|922809310.0|172.016.112.020|mailbomb
42.155148|3256613653|922809312.0|922809318.0|194.027.251.021|mailbomb
42.155148|2886758420|922809319.0|922809320.0|172.016.112.020|mailbomb
42.155148|3256613653|922809319.0|922809325.0|194.027.251.021|mailbomb
42.155148|3256613653|922809326.0|922809332.0|194.027.251.021|mailbomb
42.155148|2886758420|922809329.0|922809330.0|172.016.112.020|mailbomb
42.155148|3256613653|922809333.0|922809343.0|194.027.251.021|mailbomb
42.155148|2886758420|922809339.0|922809340.0|172.016.112.020|mailbomb
42.155148|2886759119|922809339.0|922809340.0|172.016.114.207|mailbomb
42.155148|2886758420|922809351.0|922809352.0|172.016.112.020|mailbomb
42.155148|3256613653|922809401.0|922809402.0|194.027.251.021|mailbomb
42.155148|3256613653|922809526.0|922809527.0|194.027.251.021|mailbomb
42.155148|3256613653|922809747.0|922809748.0|194.027.251.021|mailbomb
42.155148|2886758740|922809747.0|922809748.0|172.016.113.084|mailbomb
42.155148|2886758420|922809747.0|922809748.0|172.016.112.020|mailbomb
42.155148|2886758420|922809759.0|922809760.0|172.016.112.020|mailbomb
42.174944|2886758962|922816155.0|922816336.0|172.016.114.050|processtable
42.210410|2886758500|922827850.0|922828757.0|172.016.112.100|crashiis
43.080401|2886758962|922867454.0|922867457.0|172.016.114.050|satan
43.080401|3508422158|922867454.0|922867455.0|209.030.070.014|satan
43.080401|2886758962|922867458.0|922867467.0|172.016.114.050|satan
43.080401|3508422158|922867465.0|922867467.0|209.030.070.014|satan
43.084000|2886758500|922872372.0|922872376.0|172.016.112.100|netcat_setup
43.084000|3487971019|922872372.0|922872375.0|207.230.054.203|netcat_setup
43.093814|2886758962|922873093.0|922873146.0|172.016.114.050|imap
43.100000|2886758500|922875276.0|922875280.0|172.016.112.100|ppmacro
43.100000|3256613653|922875276.0|922875279.0|194.027.251.021|ppmacro
43.100000|2886758500|922875817.0|922875818.0|172.016.112.100|ppmacro
43.100000|2886758500|922875843.0|922875844.0|172.016.112.100|ppmacro
43.100000|2886758500|922875849.0|922875850.0|172.016.112.100|ppmacro
43.100000|2886758500|922875970.0|922875971.0|172.016.112.100|ppmacro
43.100000|2886758500|922875981.0|922876037.0|172.016.112.100|ppmacro
43.100000|2886758500|922876041.0|922876057.0|172.016.112.100|ppmacro
43.101313|2886758706|922875198.0|922876880.0|172.016.113.050|processtable
43.103931|2886758450|922876680.0|922876860.0|172.016.112.050|fdformat
43.110000|2886758500|922878668.0|922878700.0|172.016.112.100|netcat_breakin
43.111111|2886758450|922879539.0|922879586.0|172.016.112.050|warez
43.111111|3390798198|922879574.0|922879575.0|202.027.121.118|warez
43.113032|2886758706|922879813.0|922879828.0|172.016.113.050|arppoison
43.113032|2886758706|922879830.0|922880494.0|172.016.113.050|arppoison
43.114500|2886758962|922882358.0|922882447.0|172.016.114.050|ncftp
43.114500|2561267560|922882380.0|922882427.0|152.169.215.104|ncftp
43.122854|2886758450|922883295.0|922883787.0|172.016.112.050|secret
43.122854|3290778526|922883469.0|922883480.0|196.037.075.158|secret
43.125900|2886758420|922885232.0|922885233.0|172.016.112.020|named
43.125900|3255302297|922885232.0|922885542.0|194.007.248.153|named
43.134223|2886758706|922887736.0|922887852.0|172.016.113.050|guessftp
43.144547|2886758500|922904965.0|922904966.0|172.016.112.100|smurf
43.155357|2886758450|922895595.0|922895600.0|172.016.112.050|guest
43.155357|2886758450|922895601.0|922895606.0|172.016.112.050|guest
43.155357|2886758450|922895607.0|922895612.0|172.016.112.050|guest
43.155357|2886758450|922895613.0|922895618.0|172.016.112.050|guest
43.155357|2886758450|922895619.0|922895624.0|172.016.112.050|guest
43.155357|2886758450|922895625.0|922895630.0|172.016.112.050|guest
43.155357|2886758450|922895631.0|922895758.0|172.016.112.050|guest
43.164334|2886758500|922898595.0|922898596.0|172.016.112.100|portsweep
43.164334|2886758500|922898711.0|922898712.0|172.016.112.100|portsweep
43.164334|2886758500|922898828.0|922898829.0|172.016.112.100|portsweep
43.165422|2886758450|922899257.0|922899438.0|172.016.112.050|mailbomb
43.175811|2886758450|922903097.0|922903176.0|172.016.112.050|guesstelnet
43.175811|2886758450|922903177.0|922903325.0|172.016.112.050|guesstelnet
43.191217|2886729729|922907536.0|922907537.0|172.016.000.001|snmpget
43.191217|2886729729|922907541.0|922907542.0|172.016.000.001|snmpget
43.191217|2886729729|922907546.0|922907547.0|172.016.000.001|snmpget
43.191217|2886729729|922907551.0|922907552.0|172.016.000.001|snmpget
43.191217|2886729729|922907556.0|922907557.0|172.016.000.001|snmpget
43.191217|2886729729|922907561.0|922907562.0|172.016.000.001|snmpget
43.191217|2886729729|922907566.0|922907567.0|172.016.000.001|snmpget
43.191217|2886729729|922907571.0|922907572.0|172.016.000.001|snmpget
43.191217|2886729729|922907576.0|922907577.0|172.016.000.001|snmpget
43.191217|2886729729|922907581.0|922907582.0|172.016.000.001|snmpget
43.191217|2886729729|922907586.0|922907587.0|172.016.000.001|snmpget
43.191217|2886729729|922907592.0|922907593.0|172.016.000.001|snmpget
43.191217|2886729729|922907597.0|922907598.0|172.016.000.001|snmpget
43.191217|2886729729|922907602.0|922907603.0|172.016.000.001|snmpget
43.191217|2886729729|922907607.0|922907608.0|172.016.000.001|snmpget
43.191217|2886729729|922907612.0|922907613.0|172.016.000.001|snmpget
43.191217|2886729729|922907617.0|922907618.0|172.016.000.001|snmpget
43.191217|2886729729|922907622.0|922907623.0|172.016.000.001|snmpget
43.191217|2886729729|922907627.0|922907628.0|172.016.000.001|snmpget
43.191217|2886729729|922907632.0|922907633.0|172.016.000.001|snmpget
43.191217|2886729729|922907637.0|922907638.0|172.016.000.001|snmpget
43.191217|2886729729|922907642.0|922907643.0|172.016.000.001|snmpget
43.191217|2886729729|922907647.0|922907648.0|172.016.000.001|snmpget
43.191217|2886729729|922907652.0|922907653.0|172.016.000.001|snmpget
43.191217|2886729729|922907657.0|922907658.0|172.016.000.001|snmpget
43.191217|2886729729|922907663.0|922907664.0|172.016.000.001|snmpget
43.191217|2886729729|922907668.0|922907669.0|172.016.000.001|snmpget
43.191217|2886729729|922907673.0|922907674.0|172.016.000.001|snmpget
43.191217|2886729729|922907678.0|922907679.0|172.016.000.001|snmpget
43.191217|2886729729|922907683.0|922907684.0|172.016.000.001|snmpget
43.191217|2886729729|922907688.0|922907689.0|172.016.000.001|snmpget
43.191217|2886729729|922907693.0|922907694.0|172.016.000.001|snmpget
43.191217|2886729729|922907698.0|922907699.0|172.016.000.001|snmpget
43.191217|2886729729|922907703.0|922907704.0|172.016.000.001|snmpget
43.191217|2886729729|922907708.0|922907709.0|172.016.000.001|snmpget
43.191217|2886729729|922907713.0|922907714.0|172.016.000.001|snmpget
43.191217|2886729729|922907718.0|922907719.0|172.016.000.001|snmpget
43.191217|2886729729|922907723.0|922907724.0|172.016.000.001|snmpget
43.191217|2886729729|922907729.0|922907730.0|172.016.000.001|snmpget
43.191217|2886729729|922907734.0|922907735.0|172.016.000.001|snmpget
43.191217|2886729729|922907739.0|922907740.0|172.016.000.001|snmpget
43.191217|2886729729|922907744.0|922907745.0|172.016.000.001|snmpget
43.191217|2886729729|922907749.0|922907750.0|172.016.000.001|snmpget
43.191217|2886729729|922907754.0|922907755.0|172.016.000.001|snmpget
43.191217|2886729729|922907759.0|922907760.0|172.016.000.001|snmpget
43.191217|2886729729|922907764.0|922907765.0|172.016.000.001|snmpget
43.191217|2886729729|922907769.0|922907770.0|172.016.000.001|snmpget
43.191217|2886729729|922907774.0|922907775.0|172.016.000.001|snmpget
43.191217|2886729729|922907779.0|922907780.0|172.016.000.001|snmpget
43.191217|2886729729|922907784.0|922907785.0|172.016.000.001|snmpget
43.191217|2886729729|922907790.0|922907791.0|172.016.000.001|snmpget
43.191217|2886729729|922907795.0|922907796.0|172.016.000.001|snmpget
43.191217|2886729729|922907800.0|922907801.0|172.016.000.001|snmpget
43.191217|2886729729|922907805.0|922907806.0|172.016.000.001|snmpget
43.191217|2886729729|922907810.0|922907811.0|172.016.000.001|snmpget
43.191217|2886729729|922907815.0|922907816.0|172.016.000.001|snmpget
43.191217|2886729729|922907820.0|922907821.0|172.016.000.001|snmpget
43.191217|2886729729|922907825.0|922907826.0|172.016.000.001|snmpget
43.191217|2886729729|922907830.0|922907831.0|172.016.000.001|snmpget
43.191217|2886729729|922907835.0|922907836.0|172.016.000.001|snmpget
43.191217|2886729729|922907840.0|922907841.0|172.016.000.001|snmpget
43.191217|2886729729|922907845.0|922907846.0|172.016.000.001|snmpget
43.191217|2886729729|922907850.0|922907851.0|172.016.000.001|snmpget
43.191217|2886729729|922907856.0|922907857.0|172.016.000.001|snmpget
43.191217|2886729729|922907861.0|922907862.0|172.016.000.001|snmpget
43.191217|2886729729|922907866.0|922907867.0|172.016.000.001|snmpget
43.191217|2886729729|922907871.0|922907872.0|172.016.000.001|snmpget
43.191217|2886729729|922907876.0|922907877.0|172.016.000.001|snmpget
43.191217|2886729729|922907881.0|922907882.0|172.016.000.001|snmpget
43.191217|2886729729|922907886.0|922907887.0|172.016.000.001|snmpget
43.191217|2886729729|922907891.0|922907892.0|172.016.000.001|snmpget
43.191217|2886729729|922907896.0|922907897.0|172.016.000.001|snmpget
43.191217|2886729729|922907901.0|922907902.0|172.016.000.001|snmpget
43.191217|2886729729|922907906.0|922907907.0|172.016.000.001|snmpget
43.191217|2886729729|922907911.0|922907912.0|172.016.000.001|snmpget
43.191217|2886729729|922907916.0|922907917.0|172.016.000.001|snmpget
43.191217|2886729729|922907922.0|922907923.0|172.016.000.001|snmpget
43.191217|2886729729|922907927.0|922907928.0|172.016.000.001|snmpget
43.191217|2886729729|922907932.0|922907933.0|172.016.000.001|snmpget
43.191217|2886729729|922907937.0|922907938.0|172.016.000.001|snmpget
43.191217|2886729729|922907942.0|922907943.0|172.016.000.001|snmpget
43.191217|2886729729|922907947.0|922907948.0|172.016.000.001|snmpget
43.191217|2886729729|922907952.0|922907953.0|172.016.000.001|snmpget
43.191217|2886729729|922907957.0|922907958.0|172.016.000.001|snmpget
43.191217|2886729729|922907962.0|922907963.0|172.016.000.001|snmpget
43.191217|2886729729|922907967.0|922907968.0|172.016.000.001|snmpget
43.191217|2886729729|922907972.0|922907973.0|172.016.000.001|snmpget
43.191217|2886729729|922907977.0|922907978.0|172.016.000.001|snmpget
43.191217|2886729729|922907983.0|922907984.0|172.016.000.001|snmpget
43.191217|2886729729|922907988.0|922907989.0|172.016.000.001|snmpget
43.191217|2886729729|922907993.0|922907994.0|172.016.000.001|snmpget
43.191217|2886729729|922907998.0|922907999.0|172.016.000.001|snmpget
43.191217|2886729729|922908003.0|922908004.0|172.016.000.001|snmpget
43.191217|2886729729|922908008.0|922908009.0|172.016.000.001|snmpget
43.191217|2886729729|922908013.0|922908014.0|172.016.000.001|snmpget
43.191217|2886729729|922908018.0|922908019.0|172.016.000.001|snmpget
43.191217|2886729729|922908023.0|922908024.0|172.016.000.001|snmpget
43.191217|2886729729|922908028.0|922908029.0|172.016.000.001|snmpget
43.191217|2886729729|922908033.0|922908034.0|172.016.000.001|snmpget
43.191217|2886729729|922908038.0|922908039.0|172.016.000.001|snmpget
43.191217|2886729729|922908043.0|922908044.0|172.016.000.001|snmpget
43.191217|2886729729|922908049.0|922908050.0|172.016.000.001|snmpget
43.191217|2886729729|922908054.0|922908055.0|172.016.000.001|snmpget
43.191217|2886729729|922908059.0|922908060.0|172.016.000.001|snmpget
43.191217|2886729729|922908064.0|922908065.0|172.016.000.001|snmpget
43.191217|2886729729|922908069.0|922908070.0|172.016.000.001|snmpget
43.191217|2886729729|922908074.0|922908075.0|172.016.000.001|snmpget
43.191217|2886729729|922908079.0|922908080.0|172.016.000.001|snmpget
43.191217|2886729729|922908084.0|922908085.0|172.016.000.001|snmpget
43.191217|2886729729|922908089.0|922908090.0|172.016.000.001|snmpget
43.191217|2886729729|922908094.0|922908095.0|172.016.000.001|snmpget
43.191217|2886729729|922908099.0|922908100.0|172.016.000.001|snmpget
43.191217|2886729729|922908104.0|922908105.0|172.016.000.001|snmpget
43.191217|2886729729|922908109.0|922908110.0|172.016.000.001|snmpget
43.191217|2886729729|922908115.0|922908116.0|172.016.000.001|snmpget
43.191217|2886729729|922908120.0|922908121.0|172.016.000.001|snmpget
43.191217|2886729729|922908125.0|922908126.0|172.016.000.001|snmpget
43.191217|2886729729|922908130.0|922908131.0|172.016.000.001|snmpget
43.191217|2886729729|922908135.0|922908136.0|172.016.000.001|snmpget
43.191217|2886729729|922908140.0|922908141.0|172.016.000.001|snmpget
43.191217|2886729729|922908145.0|922908146.0|172.016.000.001|snmpget
43.191217|2886729729|922908150.0|922908151.0|172.016.000.001|snmpget
43.191217|2886729729|922908155.0|922908156.0|172.016.000.001|snmpget
43.191217|2886729729|922908160.0|922908161.0|172.016.000.001|snmpget
43.191217|2886729729|922908165.0|922908166.0|172.016.000.001|snmpget
43.191217|2886729729|922908170.0|922908171.0|172.016.000.001|snmpget
43.191217|2886729729|922908175.0|922908176.0|172.016.000.001|snmpget
43.191217|2886729729|922908181.0|922908182.0|172.016.000.001|snmpget
43.191217|2886729729|922908186.0|922908187.0|172.016.000.001|snmpget
43.191217|2886729729|922908191.0|922908192.0|172.016.000.001|snmpget
43.191217|2886729729|922908196.0|922908197.0|172.016.000.001|snmpget
43.191217|2886729729|922908201.0|922908202.0|172.016.000.001|snmpget
43.191217|2886729729|922908206.0|922908207.0|172.016.000.001|snmpget
43.191217|2886729729|922908211.0|922908212.0|172.016.000.001|snmpget
43.191217|2886729729|922908216.0|922908217.0|172.016.000.001|snmpget
43.191217|2886729729|922908221.0|922908222.0|172.016.000.001|snmpget
43.191217|2886729729|922908226.0|922908227.0|172.016.000.001|snmpget
43.191217|2886729729|922908231.0|922908232.0|172.016.000.001|snmpget
43.191217|2886729729|922908236.0|922908237.0|172.016.000.001|snmpget
43.191217|2886729729|922908242.0|922908243.0|172.016.000.001|snmpget
43.191217|2886729729|922908247.0|922908248.0|172.016.000.001|snmpget
43.191217|2886729729|922908252.0|922908253.0|172.016.000.001|snmpget
43.191217|2886729729|922908257.0|922908258.0|172.016.000.001|snmpget
43.191217|2886729729|922908262.0|922908263.0|172.016.000.001|snmpget
43.191217|2886729729|922908267.0|922908268.0|172.016.000.001|snmpget
43.191217|2886729729|922908272.0|922908273.0|172.016.000.001|snmpget
43.191217|2886729729|922908277.0|922908278.0|172.016.000.001|snmpget
43.191217|2886729729|922908282.0|922908283.0|172.016.000.001|snmpget
43.191217|2886729729|922908287.0|922908288.0|172.016.000.001|snmpget
43.191217|2886729729|922908292.0|922908293.0|172.016.000.001|snmpget
43.191217|2886729729|922908298.0|922908299.0|172.016.000.001|snmpget
43.191217|2886729729|922908303.0|922908304.0|172.016.000.001|snmpget
43.191217|2886729729|922908308.0|922908309.0|172.016.000.001|snmpget
43.191217|2886729729|922908313.0|922908314.0|172.016.000.001|snmpget
43.191217|2886729729|922908318.0|922908319.0|172.016.000.001|snmpget
43.191217|2886729729|922908323.0|922908324.0|172.016.000.001|snmpget
43.191217|2886729729|922908328.0|922908329.0|172.016.000.001|snmpget
43.191217|2886729729|922908333.0|922908334.0|172.016.000.001|snmpget
43.191217|2886729729|922908339.0|922908340.0|172.016.000.001|snmpget
43.191217|2886729729|922908344.0|922908345.0|172.016.000.001|snmpget
43.191217|2886729729|922908349.0|922908350.0|172.016.000.001|snmpget
43.191217|2886729729|922908354.0|922908355.0|172.016.000.001|snmpget
43.191217|2886729729|922908359.0|922908360.0|172.016.000.001|snmpget
43.191217|2886729729|922908364.0|922908365.0|172.016.000.001|snmpget
43.191217|2886729729|922908369.0|922908370.0|172.016.000.001|snmpget
43.191217|2886729729|922908374.0|922908375.0|172.016.000.001|snmpget
43.191217|2886729729|922908379.0|922908380.0|172.016.000.001|snmpget
43.191217|2886729729|922908384.0|922908385.0|172.016.000.001|snmpget
43.191217|2886729729|922908389.0|922908390.0|172.016.000.001|snmpget
43.191217|2886729729|922908394.0|922908395.0|172.016.000.001|snmpget
43.191217|2886729729|922908399.0|922908400.0|172.016.000.001|snmpget
43.191217|2886729729|922908405.0|922908406.0|172.016.000.001|snmpget
43.191217|2886729729|922908410.0|922908411.0|172.016.000.001|snmpget
43.191217|2886729729|922908415.0|922908416.0|172.016.000.001|snmpget
43.191217|2886729729|922908420.0|922908421.0|172.016.000.001|snmpget
43.191217|2886729729|922908425.0|922908426.0|172.016.000.001|snmpget
43.191217|2886729729|922908430.0|922908431.0|172.016.000.001|snmpget
43.191217|2886729729|922908435.0|922908436.0|172.016.000.001|snmpget
43.191217|2886729729|922908440.0|922908441.0|172.016.000.001|snmpget
43.191217|2886729729|922908445.0|922908446.0|172.016.000.001|snmpget
43.191217|2886729729|922908450.0|922908451.0|172.016.000.001|snmpget
43.191217|2886729729|922908455.0|922908456.0|172.016.000.001|snmpget
43.191217|2886729729|922908460.0|922908461.0|172.016.000.001|snmpget
43.191217|2886729729|922908465.0|922908466.0|172.016.000.001|snmpget
43.191217|2886729729|922908471.0|922908472.0|172.016.000.001|snmpget
43.191217|2886729729|922908476.0|922908477.0|172.016.000.001|snmpget
43.191217|2886729729|922908481.0|922908482.0|172.016.000.001|snmpget
43.191217|2886729729|922908486.0|922908487.0|172.016.000.001|snmpget
43.191217|2886729729|922908491.0|922908492.0|172.016.000.001|snmpget
43.191217|2886729729|922908496.0|922908497.0|172.016.000.001|snmpget
43.191217|2886729729|922908501.0|922908502.0|172.016.000.001|snmpget
43.191217|2886729729|922908506.0|922908507.0|172.016.000.001|snmpget
43.191217|2886729729|922908511.0|922908512.0|172.016.000.001|snmpget
43.191217|2886729729|922908516.0|922908517.0|172.016.000.001|snmpget
43.191217|2886729729|922908521.0|922908522.0|172.016.000.001|snmpget
43.191217|2886729729|922908526.0|922908527.0|172.016.000.001|snmpget
43.191217|2886729729|922908531.0|922908532.0|172.016.000.001|snmpget
43.191217|2886729729|922908537.0|922908538.0|172.016.000.001|snmpget
43.191217|2886729729|922908542.0|922908543.0|172.016.000.001|snmpget
43.191217|2886729729|922908547.0|922908548.0|172.016.000.001|snmpget
43.191217|2886729729|922908552.0|922908553.0|172.016.000.001|snmpget
44.080000|3459263506|922953603.0|922953661.0|206.048.044.018|ntis
44.080000|2886758500|922953661.0|922954564.0|172.016.112.100|ntis
44.080757|2886758401|922954031.0|922954032.0|172.016.112.001|ipsweep
44.080757|2886758402|922954041.0|922954042.0|172.016.112.002|ipsweep
44.080757|2886758403|922954051.0|922954052.0|172.016.112.003|ipsweep
44.080757|2886758404|922954061.0|922954062.0|172.016.112.004|ipsweep
44.080757|2886758405|922954071.0|922954072.0|172.016.112.005|ipsweep
44.080757|3256613653|922954071.0|922954072.0|194.027.251.021|ipsweep
44.080757|2886758406|922954082.0|922954083.0|172.016.112.006|ipsweep
44.080757|2886758407|922954092.0|922954093.0|172.016.112.007|ipsweep
44.080757|2886758408|922954102.0|922954103.0|172.016.112.008|ipsweep
44.080757|2886758409|922954112.0|922954113.0|172.016.112.009|ipsweep
44.080757|2886758410|922954122.0|922954123.0|172.016.112.010|ipsweep
44.080757|3256613653|922954122.0|922954123.0|194.027.251.021|ipsweep
44.082615|2886758962|922955180.0|922956081.0|172.016.114.050|teardrop
44.083000|2886758500|922955711.0|922955716.0|172.016.112.100|netbus
44.083000|2265463990|922955711.0|922955714.0|135.008.060.182|netbus
44.083000|2886758500|922955979.0|922956075.0|172.016.112.100|netbus
44.083000|3232235786|922956106.0|922956107.0|192.168.001.010|netbus
44.091807|2886758962|922959495.0|922960125.0|172.016.114.050|sshtrojan
44.110000|2886758500|922964407.0|922965400.0|172.016.112.100|dosnuke
44.114500|2886758962|922967114.0|922967202.0|172.016.114.050|ncftp
44.114500|2886759976|922967135.0|922967182.0|172.016.118.040|ncftp
44.120500|2886758500|922968758.0|922968763.0|172.016.112.100|ppmacro
44.120500|3256613653|922968758.0|922968761.0|194.027.251.021|ppmacro
44.120500|2886758500|922969485.0|922969486.0|172.016.112.100|ppmacro
44.120500|2886758500|922969499.0|922969583.0|172.016.112.100|ppmacro
44.124700|2886758450|922971407.0|922971411.0|172.016.112.050|guest
44.124700|2886758450|922971412.0|922971417.0|172.016.112.050|guest
44.124700|2886758450|922971418.0|922971423.0|172.016.112.050|guest
44.124700|2886758450|922971424.0|922971429.0|172.016.112.050|guest
44.124700|2886758450|922971430.0|922971435.0|172.016.112.050|guest
44.124700|2886758450|922971436.0|922971441.0|172.016.112.050|guest
44.124700|2886758450|922971442.0|922971447.0|172.016.112.050|guest
44.124700|2886758450|922971448.0|922971453.0|172.016.112.050|guest
44.124700|2886758450|922971454.0|922971569.0|172.016.112.050|guest
44.130700|2886759080|922972099.0|922972100.0|172.016.114.168|xlock
44.130700|2886759080|922972110.0|922972124.0|172.016.114.168|xlock
44.131529|2886758594|922972516.0|922972647.0|172.016.112.194|guesspop
44.161242|2886758962|922983135.0|922983136.0|172.016.114.050|phf
44.164944|2886758450|922985355.0|922985381.0|172.016.112.050|sshprocesstable
44.164944|2886758450|922985382.0|922985432.0|172.016.112.050|sshprocesstable
44.164944|2886758450|922985433.0|922985480.0|172.016.112.050|sshprocesstable
44.164944|2886758450|922985481.0|922985531.0|172.016.112.050|sshprocesstable
44.164944|2886758450|922985532.0|922985582.0|172.016.112.050|sshprocesstable
44.164944|2886758450|922985583.0|922985628.0|172.016.112.050|sshprocesstable
44.164944|2886758450|922985629.0|922985668.0|172.016.112.050|sshprocesstable
44.164944|2886758450|922985669.0|922985715.0|172.016.112.050|sshprocesstable
44.164944|2886758450|922985716.0|922985761.0|172.016.112.050|sshprocesstable
44.164944|2886758450|922985762.0|922985804.0|172.016.112.050|sshprocesstable
44.164944|2886758450|922985805.0|922985847.0|172.016.112.050|sshprocesstable
44.164944|2886758450|922985848.0|922985856.0|172.016.112.050|sshprocesstable
44.183234|2886758962|922991537.0|922992144.0|172.016.114.050|mailbomb
44.201454|2886758594|922997657.0|922997725.0|172.016.112.194|sqlattack
45.084547|2886758450|923042718.0|923042720.0|172.016.112.050|smurf
45.090000|2886758962|923043610.0|923043628.0|172.016.114.050|arppoison
45.090000|2886758962|923043729.0|923044381.0|172.016.114.050|arppoison
45.095541|2886758962|923046915.0|923047544.0|172.016.114.050|sshtrojan
45.100334|2886758401|923047390.0|923047391.0|172.016.112.001|ipsweep
45.100334|2886758402|923047490.0|923047491.0|172.016.112.002|ipsweep
45.100334|2886758403|923047590.0|923047591.0|172.016.112.003|ipsweep
45.100334|2886758404|923047690.0|923047691.0|172.016.112.004|ipsweep
45.100334|2886758405|923047790.0|923047791.0|172.016.112.005|ipsweep
45.100334|3255302297|923047790.0|923047791.0|194.007.248.153|ipsweep
45.100334|2886758406|923047890.0|923047891.0|172.016.112.006|ipsweep
45.100334|2886758407|923047990.0|923047991.0|172.016.112.007|ipsweep
45.100334|2886758408|923048090.0|923048091.0|172.016.112.008|ipsweep
45.100334|2886758409|923048190.0|923048191.0|172.016.112.009|ipsweep
45.100334|2886758410|923048290.0|923048291.0|172.016.112.010|ipsweep
45.100334|3255302297|923048290.0|923048291.0|194.007.248.153|ipsweep
45.103937|2886758962|923049724.0|923049742.0|172.016.114.050|xlock
45.103937|2886758962|923049784.0|923049803.0|172.016.114.050|xlock
45.105138|2886758420|923050404.0|923050619.0|172.016.112.020|named
45.105138|2886758761|923050404.0|923050619.0|172.016.113.105|named
45.105138|3255302297|923050404.0|923050619.0|194.007.248.153|named
45.111010|2886758706|923051415.0|923051416.0|172.016.113.050|portsweep
45.111010|3505421395|923051415.0|923051416.0|208.240.124.083|portsweep
45.111010|2886758706|923051475.0|923051482.0|172.016.113.050|portsweep
45.111010|2886758706|923051547.0|923051548.0|172.016.113.050|portsweep
45.111010|3505421395|923051547.0|923051548.0|208.240.124.083|portsweep
45.111010|2886758706|923051607.0|923051614.0|172.016.113.050|portsweep
45.111010|2886758706|923051679.0|923051680.0|172.016.113.050|portsweep
45.111010|2886758706|923051685.0|923051686.0|172.016.113.050|portsweep
45.114500|2886758962|923053513.0|923053602.0|172.016.114.050|ncftp
45.114500|2886760006|923053535.0|923053582.0|172.016.118.070|ncftp
45.114900|2886758500|923053860.0|923053865.0|172.016.112.100|netbus
45.114900|3506506798|923053860.0|923053862.0|209.001.012.046|netbus
45.114900|2886758500|923054042.0|923054113.0|172.016.112.100|netbus
45.123234|2886758706|923056337.0|923057116.0|172.016.113.050|mailbomb
45.123234|3393716557|923056705.0|923056706.0|202.072.001.077|mailbomb
45.130542|2886758420|923060970.0|923061028.0|172.016.112.020|named
45.130542|3276379954|923060970.0|923061028.0|195.073.151.050|named
45.140000|2886758913|923061615.0|923061616.0|172.016.114.001|ipsweep
45.140000|2886758915|923061745.0|923061746.0|172.016.114.003|ipsweep
45.140000|2886758917|923061874.0|923061875.0|172.016.114.005|ipsweep
45.140000|2886758916|923062004.0|923062005.0|172.016.114.004|ipsweep
45.140000|2886758962|923062133.0|923062134.0|172.016.114.050|ipsweep
45.140000|3437834005|923062133.0|923062134.0|204.233.047.021|ipsweep
45.162148|2886758706|923070076.0|923070417.0|172.016.113.050|loadmodule
45.165009|2886758500|923071815.0|923071825.0|172.016.112.100|sechole
45.165009|3279149676|923071823.0|923071825.0|195.115.218.108|sechole
45.165009|2886758500|923071827.0|923072228.0|172.016.112.100|sechole
45.165009|2886758500|923074210.0|923074526.0|172.016.112.100|sechole
45.181011|2886758706|923076615.0|923076620.0|172.016.113.050|portsweep
45.192523|2886758401|923081114.0|923081115.0|172.016.112.001|ipsweep
45.192523|2886758402|923081124.0|923081125.0|172.016.112.002|ipsweep
45.192523|2886758403|923081134.0|923081135.0|172.016.112.003|ipsweep
45.192523|2886758404|923081144.0|923081145.0|172.016.112.004|ipsweep
45.192523|2886758405|923081154.0|923081155.0|172.016.112.005|ipsweep
45.192523|3255302297|923081154.0|923081155.0|194.007.248.153|ipsweep
45.192523|2886758406|923081164.0|923081165.0|172.016.112.006|ipsweep
45.192523|2886758407|923081174.0|923081175.0|172.016.112.007|ipsweep
45.192523|2886758408|923081184.0|923081185.0|172.016.112.008|ipsweep
45.192523|2886758409|923081194.0|923081195.0|172.016.112.009|ipsweep
45.192523|2886758410|923081204.0|923081205.0|172.016.112.010|ipsweep
45.192523|3255302297|923081204.0|923081205.0|194.007.248.153|ipsweep
45.192523|2886758411|923081215.0|923081216.0|172.016.112.011|ipsweep
45.192523|2886758412|923081225.0|923081226.0|172.016.112.012|ipsweep
45.192523|2886758413|923081235.0|923081236.0|172.016.112.013|ipsweep
45.192523|2886758414|923081245.0|923081246.0|172.016.112.014|ipsweep
45.192523|2886758415|923081255.0|923081256.0|172.016.112.015|ipsweep
45.192523|2886758416|923081265.0|923081266.0|172.016.112.016|ipsweep
45.192523|2886758417|923081275.0|923081276.0|172.016.112.017|ipsweep
45.192523|2886758418|923081285.0|923081286.0|172.016.112.018|ipsweep
45.192523|2886758419|923081295.0|923081296.0|172.016.112.019|ipsweep
45.192523|2886758420|923081305.0|923081306.0|172.016.112.020|ipsweep
45.192523|3255302297|923081305.0|923081306.0|194.007.248.153|ipsweep
45.192523|2886758421|923081315.0|923081316.0|172.016.112.021|ipsweep
45.192523|2886758422|923081325.0|923081326.0|172.016.112.022|ipsweep
45.192523|2886758423|923081335.0|923081336.0|172.016.112.023|ipsweep
45.192523|2886758424|923081345.0|923081346.0|172.016.112.024|ipsweep
45.192523|2886758425|923081355.0|923081356.0|172.016.112.025|ipsweep
45.192523|2886758426|923081365.0|923081366.0|172.016.112.026|ipsweep
45.192523|2886758427|923081375.0|923081376.0|172.016.112.027|ipsweep
45.192523|2886758428|923081385.0|923081386.0|172.016.112.028|ipsweep
45.192523|2886758429|923081395.0|923081396.0|172.016.112.029|ipsweep
45.192523|2886758430|923081405.0|923081406.0|172.016.112.030|ipsweep
45.192523|2886758431|923081415.0|923081416.0|172.016.112.031|ipsweep
45.192523|2886758432|923081425.0|923081426.0|172.016.112.032|ipsweep
45.192523|2886758433|923081435.0|923081436.0|172.016.112.033|ipsweep
45.192523|2886758434|923081445.0|923081446.0|172.016.112.034|ipsweep
45.192523|2886758435|923081455.0|923081456.0|172.016.112.035|ipsweep
45.192523|2886758436|923081465.0|923081466.0|172.016.112.036|ipsweep
45.192523|2886758437|923081475.0|923081476.0|172.016.112.037|ipsweep
45.192523|2886758438|923081485.0|923081486.0|172.016.112.038|ipsweep
45.192523|2886758439|923081495.0|923081496.0|172.016.112.039|ipsweep
45.192523|2886758440|923081505.0|923081506.0|172.016.112.040|ipsweep
45.192523|2886758441|923081515.0|923081516.0|172.016.112.041|ipsweep
45.192523|2886758442|923081525.0|923081526.0|172.016.112.042|ipsweep
45.192523|2886758443|923081535.0|923081536.0|172.016.112.043|ipsweep
45.192523|2886758444|923081545.0|923081546.0|172.016.112.044|ipsweep
45.192523|2886758445|923081555.0|923081556.0|172.016.112.045|ipsweep
45.192523|2886758446|923081565.0|923081566.0|172.016.112.046|ipsweep
45.192523|2886758447|923081575.0|923081576.0|172.016.112.047|ipsweep
45.192523|2886758448|923081585.0|923081586.0|172.016.112.048|ipsweep
45.192523|2886758449|923081595.0|923081596.0|172.016.112.049|ipsweep
45.192523|2886758450|923081605.0|923081606.0|172.016.112.050|ipsweep
45.192523|3255302297|923081605.0|923081606.0|194.007.248.153|ipsweep
45.192523|2886758451|923081615.0|923081616.0|172.016.112.051|ipsweep
45.192523|2886758452|923081625.0|923081626.0|172.016.112.052|ipsweep
45.192523|2886758453|923081635.0|923081636.0|172.016.112.053|ipsweep
45.192523|2886758454|923081645.0|923081646.0|172.016.112.054|ipsweep
45.192523|2886758455|923081655.0|923081656.0|172.016.112.055|ipsweep
45.192523|2886758456|923081665.0|923081666.0|172.016.112.056|ipsweep
45.192523|2886758457|923081675.0|923081676.0|172.016.112.057|ipsweep
45.192523|2886758458|923081685.0|923081686.0|172.016.112.058|ipsweep
45.192523|2886758459|923081695.0|923081696.0|172.016.112.059|ipsweep
45.192523|2886758460|923081705.0|923081706.0|172.016.112.060|ipsweep
45.192523|2886758461|923081716.0|923081717.0|172.016.112.061|ipsweep
45.192523|2886758462|923081726.0|923081727.0|172.016.112.062|ipsweep
45.192523|2886758463|923081736.0|923081737.0|172.016.112.063|ipsweep
45.192523|2886758464|923081746.0|923081747.0|172.016.112.064|ipsweep
45.192523|2886758465|923081756.0|923081757.0|172.016.112.065|ipsweep
45.192523|2886758466|923081766.0|923081767.0|172.016.112.066|ipsweep
45.192523|2886758467|923081776.0|923081777.0|172.016.112.067|ipsweep
45.192523|2886758468|923081786.0|923081787.0|172.016.112.068|ipsweep
45.192523|2886758469|923081796.0|923081797.0|172.016.112.069|ipsweep
45.192523|2886758470|923081806.0|923081807.0|172.016.112.070|ipsweep
45.192523|2886758471|923081816.0|923081817.0|172.016.112.071|ipsweep
45.192523|2886758472|923081826.0|923081827.0|172.016.112.072|ipsweep
45.192523|2886758473|923081836.0|923081837.0|172.016.112.073|ipsweep
45.192523|2886758474|923081846.0|923081847.0|172.016.112.074|ipsweep
45.192523|2886758475|923081856.0|923081857.0|172.016.112.075|ipsweep
45.192523|2886758476|923081866.0|923081867.0|172.016.112.076|ipsweep
45.192523|2886758477|923081876.0|923081877.0|172.016.112.077|ipsweep
45.192523|2886758478|923081886.0|923081887.0|172.016.112.078|ipsweep
45.192523|2886758479|923081896.0|923081897.0|172.016.112.079|ipsweep
45.192523|2886758480|923081906.0|923081907.0|172.016.112.080|ipsweep
45.192523|2886758481|923081916.0|923081917.0|172.016.112.081|ipsweep
45.192523|2886758482|923081926.0|923081927.0|172.016.112.082|ipsweep
45.192523|2886758483|923081936.0|923081937.0|172.016.112.083|ipsweep
45.192523|2886758484|923081946.0|923081947.0|172.016.112.084|ipsweep
45.192523|2886758485|923081956.0|923081957.0|172.016.112.085|ipsweep
45.192523|2886758486|923081966.0|923081967.0|172.016.112.086|ipsweep
45.192523|2886758487|923081976.0|923081977.0|172.016.112.087|ipsweep
45.192523|2886758488|923081986.0|923081987.0|172.016.112.088|ipsweep
45.192523|2886758489|923081996.0|923081997.0|172.016.112.089|ipsweep
45.192523|2886758490|923082006.0|923082007.0|172.016.112.090|ipsweep
45.192523|2886758491|923082016.0|923082017.0|172.016.112.091|ipsweep
45.192523|2886758492|923082026.0|923082027.0|172.016.112.092|ipsweep
45.192523|2886758493|923082037.0|923082038.0|172.016.112.093|ipsweep
45.192523|2886758494|923082047.0|923082048.0|172.016.112.094|ipsweep
45.192523|2886758495|923082057.0|923082058.0|172.016.112.095|ipsweep
45.192523|2886758496|923082067.0|923082068.0|172.016.112.096|ipsweep
45.192523|2886758497|923082077.0|923082078.0|172.016.112.097|ipsweep
45.192523|2886758498|923082087.0|923082088.0|172.016.112.098|ipsweep
45.192523|2886758499|923082097.0|923082098.0|172.016.112.099|ipsweep
45.192523|2886758500|923082107.0|923082108.0|172.016.112.100|ipsweep
45.192523|3255302297|923082107.0|923082108.0|194.007.248.153|ipsweep
45.192523|2886758501|923082117.0|923082118.0|172.016.112.101|ipsweep
45.192523|2886758502|923082127.0|923082128.0|172.016.112.102|ipsweep
45.192523|2886758503|923082137.0|923082138.0|172.016.112.103|ipsweep
45.192523|2886758504|923082147.0|923082148.0|172.016.112.104|ipsweep
45.192523|2886758505|923082157.0|923082158.0|172.016.112.105|ipsweep
45.192523|2886758506|923082167.0|923082168.0|172.016.112.106|ipsweep
45.192523|2886758507|923082177.0|923082178.0|172.016.112.107|ipsweep
45.192523|2886758508|923082187.0|923082188.0|172.016.112.108|ipsweep
45.192523|2886758509|923082197.0|923082198.0|172.016.112.109|ipsweep
45.192523|2886758510|923082207.0|923082208.0|172.016.112.110|ipsweep
45.192523|2886758511|923082217.0|923082218.0|172.016.112.111|ipsweep
45.192523|2886758512|923082227.0|923082228.0|172.016.112.112|ipsweep
45.192523|2886758513|923082237.0|923082238.0|172.016.112.113|ipsweep
45.192523|2886758514|923082247.0|923082248.0|172.016.112.114|ipsweep
45.192523|2886758515|923082257.0|923082258.0|172.016.112.115|ipsweep
45.192523|2886758516|923082267.0|923082268.0|172.016.112.116|ipsweep
45.192523|2886758517|923082277.0|923082278.0|172.016.112.117|ipsweep
45.192523|2886758518|923082287.0|923082288.0|172.016.112.118|ipsweep
45.192523|2886758519|923082297.0|923082298.0|172.016.112.119|ipsweep
45.192523|2886758520|923082307.0|923082308.0|172.016.112.120|ipsweep
45.192523|2886758521|923082317.0|923082318.0|172.016.112.121|ipsweep
45.192523|2886758522|923082327.0|923082328.0|172.016.112.122|ipsweep
45.192523|2886758523|923082337.0|923082338.0|172.016.112.123|ipsweep
45.192523|2886758524|923082347.0|923082348.0|172.016.112.124|ipsweep
45.192523|2886758525|923082357.0|923082358.0|172.016.112.125|ipsweep
45.192523|2886758526|923082367.0|923082368.0|172.016.112.126|ipsweep
45.192523|2886758527|923082377.0|923082378.0|172.016.112.127|ipsweep
45.192523|2886758528|923082388.0|923082389.0|172.016.112.128|ipsweep
45.192523|2886758529|923082398.0|923082399.0|172.016.112.129|ipsweep
45.192523|2886758530|923082408.0|923082409.0|172.016.112.130|ipsweep
45.192523|2886758531|923082418.0|923082419.0|172.016.112.131|ipsweep
45.192523|2886758532|923082428.0|923082429.0|172.016.112.132|ipsweep
45.192523|2886758533|923082438.0|923082439.0|172.016.112.133|ipsweep
45.192523|2886758534|923082448.0|923082449.0|172.016.112.134|ipsweep
45.192523|2886758535|923082458.0|923082459.0|172.016.112.135|ipsweep
45.192523|2886758536|923082468.0|923082469.0|172.016.112.136|ipsweep
45.192523|2886758537|923082478.0|923082479.0|172.016.112.137|ipsweep
45.192523|2886758538|923082488.0|923082489.0|172.016.112.138|ipsweep
45.192523|2886758539|923082498.0|923082499.0|172.016.112.139|ipsweep
45.192523|2886758540|923082508.0|923082509.0|172.016.112.140|ipsweep
45.192523|2886758541|923082518.0|923082519.0|172.016.112.141|ipsweep
45.192523|2886758542|923082528.0|923082529.0|172.016.112.142|ipsweep
45.192523|2886758543|923082538.0|923082539.0|172.016.112.143|ipsweep
45.192523|2886758544|923082548.0|923082549.0|172.016.112.144|ipsweep
45.192523|2886758545|923082558.0|923082559.0|172.016.112.145|ipsweep
45.192523|2886758546|923082568.0|923082569.0|172.016.112.146|ipsweep
45.192523|2886758547|923082578.0|923082579.0|172.016.112.147|ipsweep
45.192523|2886758548|923082588.0|923082589.0|172.016.112.148|ipsweep
45.192523|2886758549|923082598.0|923082599.0|172.016.112.149|ipsweep
45.192523|3255302297|923082598.0|923082599.0|194.007.248.153|ipsweep
45.192523|2886758550|923082608.0|923082609.0|172.016.112.150|ipsweep
45.192523|2886758551|923082618.0|923082619.0|172.016.112.151|ipsweep
45.192523|2886758552|923082628.0|923082629.0|172.016.112.152|ipsweep
45.192523|2886758553|923082638.0|923082639.0|172.016.112.153|ipsweep
45.192523|2886758554|923082648.0|923082649.0|172.016.112.154|ipsweep
45.192523|2886758555|923082658.0|923082659.0|172.016.112.155|ipsweep
45.192523|2886758556|923082668.0|923082669.0|172.016.112.156|ipsweep
45.192523|2886758557|923082678.0|923082679.0|172.016.112.157|ipsweep
45.192523|2886758558|923082688.0|923082689.0|172.016.112.158|ipsweep
45.192523|2886758559|923082698.0|923082699.0|172.016.112.159|ipsweep
45.192523|2886758560|923082708.0|923082709.0|172.016.112.160|ipsweep
45.192523|2886758561|923082719.0|923082720.0|172.016.112.161|ipsweep
45.192523|2886758562|923082729.0|923082730.0|172.016.112.162|ipsweep
45.192523|2886758563|923082739.0|923082740.0|172.016.112.163|ipsweep
45.192523|2886758564|923082749.0|923082750.0|172.016.112.164|ipsweep
45.192523|2886758565|923082759.0|923082760.0|172.016.112.165|ipsweep
45.192523|2886758566|923082769.0|923082770.0|172.016.112.166|ipsweep
45.192523|2886758567|923082779.0|923082780.0|172.016.112.167|ipsweep
45.192523|2886758568|923082789.0|923082790.0|172.016.112.168|ipsweep
45.192523|2886758569|923082799.0|923082800.0|172.016.112.169|ipsweep
45.192523|2886758570|923082809.0|923082810.0|172.016.112.170|ipsweep
45.192523|2886758571|923082819.0|923082820.0|172.016.112.171|ipsweep
45.192523|2886758572|923082829.0|923082830.0|172.016.112.172|ipsweep
45.192523|2886758573|923082839.0|923082840.0|172.016.112.173|ipsweep
45.192523|2886758574|923082849.0|923082850.0|172.016.112.174|ipsweep
45.192523|2886758575|923082859.0|923082860.0|172.016.112.175|ipsweep
45.192523|2886758576|923082869.0|923082870.0|172.016.112.176|ipsweep
45.192523|2886758577|923082879.0|923082880.0|172.016.112.177|ipsweep
45.192523|2886758578|923082889.0|923082890.0|172.016.112.178|ipsweep
45.192523|2886758579|923082899.0|923082900.0|172.016.112.179|ipsweep
45.192523|2886758580|923082909.0|923082910.0|172.016.112.180|ipsweep
45.192523|2886758581|923082919.0|923082920.0|172.016.112.181|ipsweep
45.192523|2886758582|923082929.0|923082930.0|172.016.112.182|ipsweep
45.192523|2886758583|923082939.0|923082940.0|172.016.112.183|ipsweep
45.192523|2886758584|923082949.0|923082950.0|172.016.112.184|ipsweep
45.192523|2886758585|923082959.0|923082960.0|172.016.112.185|ipsweep
45.192523|2886758586|923082969.0|923082970.0|172.016.112.186|ipsweep
45.192523|2886758587|923082979.0|923082980.0|172.016.112.187|ipsweep
45.192523|2886758588|923082989.0|923082990.0|172.016.112.188|ipsweep
45.192523|2886758589|923082999.0|923083000.0|172.016.112.189|ipsweep
45.192523|2886758590|923083009.0|923083010.0|172.016.112.190|ipsweep
45.192523|2886758591|923083019.0|923083020.0|172.016.112.191|ipsweep
45.192523|2886758592|923083029.0|923083030.0|172.016.112.192|ipsweep
45.192523|2886758593|923083039.0|923083040.0|172.016.112.193|ipsweep
45.192523|2886758594|923083049.0|923083050.0|172.016.112.194|ipsweep
45.192523|3255302297|923083049.0|923083050.0|194.007.248.153|ipsweep
45.192523|2886758595|923083059.0|923083060.0|172.016.112.195|ipsweep
45.192523|2886758596|923083070.0|923083071.0|172.016.112.196|ipsweep
45.192523|2886758597|923083080.0|923083081.0|172.016.112.197|ipsweep
45.192523|2886758598|923083090.0|923083091.0|172.016.112.198|ipsweep
45.192523|2886758599|923083100.0|923083101.0|172.016.112.199|ipsweep
45.192523|2886758600|923083110.0|923083111.0|172.016.112.200|ipsweep
45.192523|2886758601|923083120.0|923083121.0|172.016.112.201|ipsweep
45.192523|2886758602|923083130.0|923083131.0|172.016.112.202|ipsweep
45.192523|2886758603|923083140.0|923083141.0|172.016.112.203|ipsweep
45.192523|2886758604|923083150.0|923083151.0|172.016.112.204|ipsweep
45.192523|2886758605|923083160.0|923083161.0|172.016.112.205|ipsweep
45.192523|2886758606|923083170.0|923083171.0|172.016.112.206|ipsweep
45.192523|2886758607|923083180.0|923083181.0|172.016.112.207|ipsweep
45.192523|3255302297|923083180.0|923083181.0|194.007.248.153|ipsweep
45.192523|2886758608|923083190.0|923083191.0|172.016.112.208|ipsweep
45.192523|2886758609|923083200.0|923083201.0|172.016.112.209|ipsweep
45.192523|2886758610|923083210.0|923083211.0|172.016.112.210|ipsweep
45.192523|2886758611|923083220.0|923083221.0|172.016.112.211|ipsweep
45.192523|2886758612|923083230.0|923083231.0|172.016.112.212|ipsweep
45.192523|2886758613|923083240.0|923083241.0|172.016.112.213|ipsweep
45.192523|2886758614|923083250.0|923083251.0|172.016.112.214|ipsweep
45.192523|2886758615|923083260.0|923083261.0|172.016.112.215|ipsweep
45.192523|2886758616|923083270.0|923083271.0|172.016.112.216|ipsweep
45.192523|2886758617|923083280.0|923083281.0|172.016.112.217|ipsweep
45.192523|2886758618|923083290.0|923083291.0|172.016.112.218|ipsweep
45.192523|2886758619|923083300.0|923083301.0|172.016.112.219|ipsweep
45.192523|2886758620|923083310.0|923083311.0|172.016.112.220|ipsweep
45.192523|2886758621|923083320.0|923083321.0|172.016.112.221|ipsweep
45.192523|2886758622|923083330.0|923083331.0|172.016.112.222|ipsweep
45.192523|2886758623|923083340.0|923083341.0|172.016.112.223|ipsweep
45.192523|2886758624|923083350.0|923083351.0|172.016.112.224|ipsweep
45.192523|2886758625|923083360.0|923083361.0|172.016.112.225|ipsweep
45.192523|2886758626|923083370.0|923083371.0|172.016.112.226|ipsweep
45.192523|2886758627|923083380.0|923083381.0|172.016.112.227|ipsweep
45.192523|2886758628|923083390.0|923083391.0|172.016.112.228|ipsweep
45.192523|2886758629|923083400.0|923083401.0|172.016.112.229|ipsweep
45.192523|2886758630|923083410.0|923083411.0|172.016.112.230|ipsweep
45.192523|2886758631|923083421.0|923083422.0|172.016.112.231|ipsweep
45.192523|2886758632|923083431.0|923083432.0|172.016.112.232|ipsweep
45.192523|2886758633|923083441.0|923083442.0|172.016.112.233|ipsweep
45.192523|2886758634|923083451.0|923083452.0|172.016.112.234|ipsweep
45.192523|2886758635|923083461.0|923083462.0|172.016.112.235|ipsweep
45.192523|2886758636|923083471.0|923083472.0|172.016.112.236|ipsweep
45.192523|2886758637|923083481.0|923083482.0|172.016.112.237|ipsweep
45.192523|2886758638|923083491.0|923083492.0|172.016.112.238|ipsweep
45.192523|2886758639|923083501.0|923083502.0|172.016.112.239|ipsweep
45.192523|2886758640|923083511.0|923083512.0|172.016.112.240|ipsweep
45.192523|2886758641|923083521.0|923083522.0|172.016.112.241|ipsweep
45.192523|2886758642|923083531.0|923083532.0|172.016.112.242|ipsweep
45.192523|2886758643|923083541.0|923083542.0|172.016.112.243|ipsweep
45.192523|2886758644|923083551.0|923083552.0|172.016.112.244|ipsweep
45.192523|2886758645|923083561.0|923083562.0|172.016.112.245|ipsweep
45.192523|2886758646|923083571.0|923083572.0|172.016.112.246|ipsweep
45.192523|2886758647|923083581.0|923083582.0|172.016.112.247|ipsweep
45.192523|2886758648|923083591.0|923083592.0|172.016.112.248|ipsweep
45.192523|2886758649|923083601.0|923083602.0|172.016.112.249|ipsweep
45.192523|2886758650|923083611.0|923083612.0|172.016.112.250|ipsweep
45.192523|2886758651|923083621.0|923083622.0|172.016.112.251|ipsweep
45.192523|2886758652|923083631.0|923083632.0|172.016.112.252|ipsweep
45.192523|2886758653|923083641.0|923083642.0|172.016.112.253|ipsweep
45.192523|2886758654|923083651.0|923083652.0|172.016.112.254|ipsweep
45.203400|2886758450|923085240.0|923085360.0|172.016.112.050|secret
51.083800|2886758450|923301592.0|923301602.0|172.016.112.050|pod
51.084334|3232235777|923301797.0|923301798.0|192.168.001.001|portsweep
51.084334|3232235777|923301913.0|923301914.0|192.168.001.001|portsweep
51.084334|3232235777|923302029.0|923302030.0|192.168.001.001|portsweep
51.085000|2886758962|923302113.0|923302118.0|172.016.114.050|pod
51.085000|3394085589|923302143.0|923302144.0|202.077.162.213|pod
51.085947|2886758450|923302756.0|923302797.0|172.016.112.050|warezclient
51.085947|3477860211|923302785.0|923302786.0|207.075.239.115|warezclient
51.093123|2886758450|923304780.0|923304900.0|172.016.112.050|smurf
51.094334|2886758450|923305391.0|923305399.0|172.016.112.050|portsweep
51.094334|2886758450|923305404.0|923305405.0|172.016.112.050|portsweep
51.094334|2886758450|923305411.0|923305414.0|172.016.112.050|portsweep
51.094334|2886758450|923305415.0|923305418.0|172.016.112.050|portsweep
51.094334|2886758450|923305423.0|923305424.0|172.016.112.050|portsweep
51.094334|2886758450|923305430.0|923305432.0|172.016.112.050|portsweep
51.094334|2886758450|923305437.0|923305438.0|172.016.112.050|portsweep
51.094334|2886758450|923305444.0|923305448.0|172.016.112.050|portsweep
51.094334|2886758450|923305449.0|923305453.0|172.016.112.050|portsweep
51.094334|2886758450|923305458.0|923305459.0|172.016.112.050|portsweep
51.094334|2886758450|923305465.0|923305469.0|172.016.112.050|portsweep
51.094334|2886758450|923305474.0|923305475.0|172.016.112.050|portsweep
51.094334|2886758450|923305481.0|923305483.0|172.016.112.050|portsweep
51.094334|2886758450|923305484.0|923305489.0|172.016.112.050|portsweep
51.094334|2886758450|923305494.0|923305495.0|172.016.112.050|portsweep
51.094334|2886758450|923305501.0|923305504.0|172.016.112.050|portsweep
51.094334|2886758450|923305505.0|923305507.0|172.016.112.050|portsweep
51.094334|2886758450|923305512.0|923305513.0|172.016.112.050|portsweep
51.094334|2886758450|923305519.0|923305528.0|172.016.112.050|portsweep
51.094334|2886758450|923305529.0|923305539.0|172.016.112.050|portsweep
51.094334|2886758450|923305544.0|923305545.0|172.016.112.050|portsweep
51.094334|2886758450|923305552.0|923305562.0|172.016.112.050|portsweep
51.094334|2886758450|923305563.0|923305574.0|172.016.112.050|portsweep
51.094334|2886758450|923305575.0|923305581.0|172.016.112.050|portsweep
51.094334|2886758450|923305586.0|923305587.0|172.016.112.050|portsweep
51.094334|2886758450|923305593.0|923305594.0|172.016.112.050|portsweep
51.094334|2886758450|923305595.0|923305596.0|172.016.112.050|portsweep
51.094334|2886758450|923305597.0|923305608.0|172.016.112.050|portsweep
51.094334|2886758450|923305613.0|923305614.0|172.016.112.050|portsweep
51.102700|2886758962|923308162.0|923309219.0|172.016.114.050|apache2
51.102700|3394085589|923308168.0|923308190.0|202.077.162.213|apache2
51.105811|2886760016|923309894.0|923310000.0|172.016.118.080|guesstelnet
51.105811|2886760016|923310001.0|923310094.0|172.016.118.080|guesstelnet
51.105811|3221563887|923310003.0|923310004.0|192.005.041.239|guesstelnet
51.114500|2886758500|923312727.0|923313720.0|172.016.112.100|dosnuke
51.120309|2886758706|923313794.0|923314469.0|172.016.113.050|loadmodule
51.121101|2886758450|923314278.0|923315026.0|172.016.112.050|ffbconfig
51.131803|2886758962|923318292.0|923318293.0|172.016.114.050|smurf
51.133019|2886758500|923319014.0|923319031.0|172.016.112.100|arppoison
51.133019|2886758500|923319232.0|923319891.0|172.016.112.100|arppoison
51.140100|2886758962|923321143.0|923321747.0|172.016.114.050|apache2
51.140100|2561267560|923321147.0|923321148.0|152.169.215.104|apache2
51.140100|2561267560|923321508.0|923321509.0|152.169.215.104|apache2
51.140100|2561267560|923321582.0|923321583.0|152.169.215.104|apache2
51.140100|2561267560|923321596.0|923321597.0|152.169.215.104|apache2
51.140100|2561267560|923321636.0|923321637.0|152.169.215.104|apache2
51.140100|2561267560|923321645.0|923321646.0|152.169.215.104|apache2
51.140100|2561267560|923321692.0|923321693.0|152.169.215.104|apache2
51.140100|2561267560|923321695.0|923321696.0|152.169.215.104|apache2
51.140100|2561267560|923321706.0|923321707.0|152.169.215.104|apache2
51.140100|2561267560|923321719.0|923321720.0|152.169.215.104|apache2
51.140100|3459263538|923321811.0|923321812.0|206.048.044.050|apache2
51.142100|2886758706|923322150.0|923322151.0|172.016.113.050|pod
51.144601|2886758962|923323579.0|923323589.0|172.016.114.050|imap
51.150000|2886758657|923324416.0|923324417.0|172.016.113.001|ipsweep
51.150000|2886758659|923324646.0|923324647.0|172.016.113.003|ipsweep
51.150000|2886758661|923324876.0|923324877.0|172.016.113.005|ipsweep
51.150000|2886758660|923325106.0|923325107.0|172.016.113.004|ipsweep
51.150000|2886758706|923325336.0|923325337.0|172.016.113.050|ipsweep
51.150000|3437834005|923325336.0|923325337.0|204.233.047.021|ipsweep
51.163200|2886758962|923329937.0|923329947.0|172.016.114.050|dict
51.163200|2886758962|923329948.0|923329979.0|172.016.114.050|dict
51.163200|2886758962|923329980.0|923330002.0|172.016.114.050|dict
51.163200|2886758962|923330003.0|923330523.0|172.016.114.050|dict
51.163200|2886758962|923330524.0|923330769.0|172.016.114.050|dict
51.163200|2886758962|923330770.0|923330932.0|172.016.114.050|dict
51.171917|2886758450|923332750.0|923333651.0|172.016.112.050|syslogd
51.180445|2886758450|923335444.0|923335855.0|172.016.112.050|neptune
51.183623|2886758500|923337371.0|923338278.0|172.016.112.100|crashiis
51.185613|2886758420|923338641.0|923338642.0|172.016.112.020|ls_domain
51.194715|2886759402|923341681.0|923342682.0|172.016.115.234|dosnuke
51.201715|2886758450|923343432.0|923343615.0|172.016.112.050|selfping
51.204631|2886758962|923345173.0|923345262.0|172.016.114.050|ncftp
51.204631|2886760006|923345195.0|923345242.0|172.016.118.070|ncftp
52.081109|2886758450|923386275.0|923386285.0|172.016.112.050|tcpreset
52.081109|2886758450|923386287.0|923386925.0|172.016.112.050|tcpreset
52.083236|2886758962|923387534.0|923388435.0|172.016.114.050|teardrop
52.085357|2886758500|923388797.0|923388804.0|172.016.112.100|casesen
52.085357|2886758860|923388801.0|923388804.0|172.016.113.204|casesen
52.085357|2886758500|923388806.0|923389842.0|172.016.112.100|casesen
52.085357|2886758500|923391195.0|923391775.0|172.016.112.100|casesen
52.092200|2886758450|923390341.0|923390413.0|172.016.112.050|xsnoop
52.094514|2886758450|923391913.0|923392096.0|172.016.112.050|selfping
52.100738|2886758594|923393238.0|923393274.0|172.016.112.194|xterm
52.100738|2561267560|923393258.0|923393259.0|152.169.215.104|xterm
52.100738|2561267560|923393262.0|923393263.0|152.169.215.104|xterm
52.100738|2886758594|923394976.0|923395681.0|172.016.112.194|xterm
52.101901|2886758450|923393956.0|923393967.0|172.016.112.050|ftpwrite
52.101901|2886759119|923393959.0|923393960.0|172.016.114.207|ftpwrite
52.101901|2886758450|923394768.0|923394800.0|172.016.112.050|ftpwrite
52.103409|2886758962|923398281.0|923399519.0|172.016.114.050|back
52.103409|3459263538|923398663.0|923398664.0|206.048.044.050|back
52.103409|3459263538|923398960.0|923398961.0|206.048.044.050|back
52.103409|3459263538|923399223.0|923399224.0|206.048.044.050|back
52.112045|2886758450|923397609.0|923399025.0|172.016.112.050|ps
52.112045|3353568125|923397913.0|923397966.0|199.227.099.125|ps
52.112045|2886758450|923403540.0|923403660.0|172.016.112.050|ps
52.113855|2886758962|923398684.0|923399505.0|172.016.114.050|neptune
52.113855|3232235786|923399322.0|923399323.0|192.168.001.010|neptune
52.120600|3290778526|923400392.0|923400602.0|196.037.075.158|httptunnel
52.125501|2886758450|923403314.0|923404306.0|172.016.112.050|eject
52.125501|2561267560|923403477.0|923403504.0|152.169.215.104|eject
52.125501|2561267560|923403791.0|923403792.0|152.169.215.104|eject
52.130655|2886758706|923403960.0|923403990.0|172.016.113.050|pod
52.132827|2886758500|923405291.0|923406638.0|172.016.112.100|yaga
52.132827|2886758500|923407090.0|923407830.0|172.016.112.100|yaga
52.135003|2886758500|923406603.0|923407508.0|172.016.112.100|crashiis
52.140207|2886758500|923408786.0|923408797.0|172.016.112.100|ppmacro
52.140207|3350118928|923408789.0|923408797.0|199.174.194.016|ppmacro
52.140207|2886758500|923409251.0|923409252.0|172.016.112.100|ppmacro
52.140207|2886758500|923409259.0|923409260.0|172.016.112.100|ppmacro
52.140207|2886758500|923409281.0|923409282.0|172.016.112.100|ppmacro
52.140207|2886758500|923409288.0|923409289.0|172.016.112.100|ppmacro
52.140207|2886758500|923409379.0|923409380.0|172.016.112.100|ppmacro
52.140207|2886758500|923409399.0|923409400.0|172.016.112.100|ppmacro
52.140207|2886758500|923409407.0|923409408.0|172.016.112.100|ppmacro
52.140207|2886758500|923409505.0|923409506.0|172.016.112.100|ppmacro
52.140207|2886758500|923409514.0|923409558.0|172.016.112.100|ppmacro
52.141200|2886758450|923408036.0|923408037.0|172.016.112.050|syslogd
52.142452|2886759119|923408657.0|923409544.0|172.016.114.207|perl
52.162435|2886758450|923415855.0|923415888.0|172.016.112.050|fdformat
52.162435|3290844062|923415873.0|923415875.0|196.038.075.158|fdformat
52.162435|3290844062|923415879.0|923415880.0|196.038.075.158|fdformat
52.162435|3290844062|923415884.0|923415885.0|196.038.075.158|fdformat
52.162435|2886758450|923416815.0|923419239.0|172.016.112.050|fdformat
52.162435|2886758450|923419335.0|923419455.0|172.016.112.050|fdformat
52.165435|2886758706|923417660.0|923417661.0|172.016.113.050|queso
52.165435|2886758706|923417662.0|923417663.0|172.016.113.050|queso
52.165435|2886758706|923417664.0|923417665.0|172.016.113.050|queso
52.165435|2886758706|923417685.0|923417686.0|172.016.113.050|queso
52.165435|2886758706|923417687.0|923417688.0|172.016.113.050|queso
52.165435|2886758706|923417689.0|923417690.0|172.016.113.050|queso
52.165435|2886758706|923417710.0|923417711.0|172.016.113.050|queso
52.181637|3232235777|923422565.0|923422771.0|192.168.001.001|neptune
52.205605|2886758500|923432223.0|923433216.0|172.016.112.100|dosnuke
52.211313|2886759060|923433354.0|923433357.0|172.016.114.148|portsweep
52.211313|2886759060|923433360.0|923433363.0|172.016.114.148|portsweep
52.211313|2886759060|923433366.0|923433369.0|172.016.114.148|portsweep
52.211313|2886759060|923433372.0|923433375.0|172.016.114.148|portsweep
52.211313|2886759060|923433378.0|923433381.0|172.016.114.148|portsweep
52.211313|2886758500|923433384.0|923433387.0|172.016.112.100|portsweep
52.211313|2886758500|923433390.0|923433393.0|172.016.112.100|portsweep
52.211313|2886758500|923433396.0|923433399.0|172.016.112.100|portsweep
52.211313|2886758500|923433402.0|923433405.0|172.016.112.100|portsweep
52.211313|2886758500|923433408.0|923433411.0|172.016.112.100|portsweep
52.211313|2886759946|923433414.0|923433417.0|172.016.118.010|portsweep
52.211313|2886759946|923433420.0|923433423.0|172.016.118.010|portsweep
52.211313|2886759946|923433426.0|923433429.0|172.016.118.010|portsweep
52.211313|2886759946|923433432.0|923433435.0|172.016.118.010|portsweep
52.211313|2886759946|923433438.0|923433441.0|172.016.118.010|portsweep
52.211313|2886759956|923433444.0|923433447.0|172.016.118.020|portsweep
52.211313|2886759956|923433450.0|923433453.0|172.016.118.020|portsweep
52.211313|2886759956|923433456.0|923433459.0|172.016.118.020|portsweep
52.211313|2886759956|923433462.0|923433465.0|172.016.118.020|portsweep
52.211313|2886759956|923433468.0|923433471.0|172.016.118.020|portsweep
52.211313|2886759966|923433474.0|923433477.0|172.016.118.030|portsweep
52.211313|2886759966|923433480.0|923433483.0|172.016.118.030|portsweep
52.211313|2886759966|923433486.0|923433489.0|172.016.118.030|portsweep
52.211313|2886759966|923433492.0|923433495.0|172.016.118.030|portsweep
52.211313|2886759966|923433498.0|923433501.0|172.016.118.030|portsweep
52.211313|2886759976|923433504.0|923433507.0|172.016.118.040|portsweep
52.211313|2886759976|923433510.0|923433513.0|172.016.118.040|portsweep
52.211313|2886759976|923433516.0|923433519.0|172.016.118.040|portsweep
52.211313|2886759976|923433522.0|923433525.0|172.016.118.040|portsweep
52.211313|2886759976|923433528.0|923433531.0|172.016.118.040|portsweep
52.211313|2886759986|923433534.0|923433537.0|172.016.118.050|portsweep
52.211313|2886759986|923433540.0|923433543.0|172.016.118.050|portsweep
52.211313|2886759986|923433546.0|923433549.0|172.016.118.050|portsweep
52.211313|2886759986|923433552.0|923433555.0|172.016.118.050|portsweep
52.211313|2886759986|923433558.0|923433561.0|172.016.118.050|portsweep
52.211313|2886759996|923433564.0|923433567.0|172.016.118.060|portsweep
52.211313|2886759996|923433570.0|923433573.0|172.016.118.060|portsweep
52.211313|2886759996|923433576.0|923433579.0|172.016.118.060|portsweep
52.211313|2886759996|923433582.0|923433585.0|172.016.118.060|portsweep
52.211313|2886759996|923433588.0|923433591.0|172.016.118.060|portsweep
52.211313|2886760006|923433595.0|923433598.0|172.016.118.070|portsweep
52.211313|2886760006|923433601.0|923433604.0|172.016.118.070|portsweep
52.211313|2886760006|923433607.0|923433610.0|172.016.118.070|portsweep
52.211313|2886760006|923433613.0|923433616.0|172.016.118.070|portsweep
52.211313|2886760006|923433619.0|923433622.0|172.016.118.070|portsweep
52.211313|2886760016|923433625.0|923433628.0|172.016.118.080|portsweep
52.211313|2886760016|923433631.0|923433634.0|172.016.118.080|portsweep
52.211313|2886760016|923433637.0|923433640.0|172.016.118.080|portsweep
52.211313|2886760016|923433643.0|923433646.0|172.016.118.080|portsweep
52.211313|2886760016|923433649.0|923433652.0|172.016.118.080|portsweep
52.211313|2886760026|923433655.0|923433658.0|172.016.118.090|portsweep
52.211313|2886760026|923433661.0|923433664.0|172.016.118.090|portsweep
52.211313|2886760026|923433667.0|923433670.0|172.016.118.090|portsweep
52.211313|2886760026|923433673.0|923433676.0|172.016.118.090|portsweep
52.211313|2886760026|923433679.0|923433682.0|172.016.118.090|portsweep
52.211313|2886758420|923433685.0|923433688.0|172.016.112.020|portsweep
52.211313|2886758420|923433691.0|923433694.0|172.016.112.020|portsweep
52.211313|2886758420|923433697.0|923433700.0|172.016.112.020|portsweep
52.211313|2886758420|923433703.0|923433706.0|172.016.112.020|portsweep
52.211313|2886758420|923433709.0|923433712.0|172.016.112.020|portsweep
52.211313|2886759081|923433715.0|923433718.0|172.016.114.169|portsweep
52.211313|2886759081|923433721.0|923433724.0|172.016.114.169|portsweep
52.211313|2886759081|923433727.0|923433730.0|172.016.114.169|portsweep
52.211313|2886759081|923433733.0|923433736.0|172.016.114.169|portsweep
52.211313|2886759081|923433739.0|923433742.0|172.016.114.169|portsweep
52.211313|2886758607|923433745.0|923433748.0|172.016.112.207|portsweep
52.211313|2886758607|923433751.0|923433754.0|172.016.112.207|portsweep
52.211313|2886758607|923433757.0|923433760.0|172.016.112.207|portsweep
52.211313|2886758607|923433763.0|923433766.0|172.016.112.207|portsweep
52.211313|2886758607|923433769.0|923433772.0|172.016.112.207|portsweep
52.211313|2886758740|923433775.0|923433778.0|172.016.113.084|portsweep
52.211313|2886758740|923433781.0|923433784.0|172.016.113.084|portsweep
52.211313|2886758740|923433787.0|923433790.0|172.016.113.084|portsweep
52.211313|2886758740|923433793.0|923433796.0|172.016.113.084|portsweep
52.211313|2886758740|923433799.0|923433802.0|172.016.113.084|portsweep
52.211313|2886729729|923433805.0|923433808.0|172.016.000.001|portsweep
52.211313|2886729729|923433811.0|923433814.0|172.016.000.001|portsweep
52.211313|2886729729|923433817.0|923433820.0|172.016.000.001|portsweep
52.211313|2886729729|923433823.0|923433826.0|172.016.000.001|portsweep
52.211313|2886729729|923433829.0|923433832.0|172.016.000.001|portsweep
52.211313|2886758594|923433835.0|923433838.0|172.016.112.194|portsweep
52.211313|2886758594|923433841.0|923433844.0|172.016.112.194|portsweep
52.211313|2886758594|923433847.0|923433850.0|172.016.112.194|portsweep
52.211313|2886758594|923433853.0|923433856.0|172.016.112.194|portsweep
52.211313|2886758594|923433859.0|923433862.0|172.016.112.194|portsweep
52.211313|2886759402|923433865.0|923433868.0|172.016.115.234|portsweep
52.211313|2886759402|923433871.0|923433874.0|172.016.115.234|portsweep
52.211313|2886759402|923433877.0|923433880.0|172.016.115.234|portsweep
52.211313|2886759402|923433883.0|923433886.0|172.016.115.234|portsweep
52.211313|2886759402|923433889.0|923433892.0|172.016.115.234|portsweep
52.211313|2886759173|923433895.0|923433898.0|172.016.115.005|portsweep
52.211313|2886759173|923433901.0|923433904.0|172.016.115.005|portsweep
52.211313|2886759173|923433907.0|923433910.0|172.016.115.005|portsweep
52.211313|2886759173|923433913.0|923433916.0|172.016.115.005|portsweep
52.211313|2886759173|923433919.0|923433922.0|172.016.115.005|portsweep
52.211313|2886759255|923433925.0|923433928.0|172.016.115.087|portsweep
52.211313|2886759255|923433931.0|923433934.0|172.016.115.087|portsweep
52.211313|2886759255|923433937.0|923433940.0|172.016.115.087|portsweep
52.211313|2886759255|923433943.0|923433946.0|172.016.115.087|portsweep
52.211313|2886759255|923433949.0|923433952.0|172.016.115.087|portsweep
52.211313|2886759618|923433955.0|923433958.0|172.016.116.194|portsweep
52.211313|2886759618|923433961.0|923433964.0|172.016.116.194|portsweep
52.211313|2886759618|923433967.0|923433970.0|172.016.116.194|portsweep
52.211313|2886759618|923433973.0|923433976.0|172.016.116.194|portsweep
52.211313|2886759618|923433980.0|923433983.0|172.016.116.194|portsweep
52.211313|2886759625|923433986.0|923433989.0|172.016.116.201|portsweep
52.211313|2886759625|923433992.0|923433995.0|172.016.116.201|portsweep
52.211313|2886759625|923433998.0|923434001.0|172.016.116.201|portsweep
52.211313|2886759625|923434004.0|923434007.0|172.016.116.201|portsweep
52.211313|2886759625|923434010.0|923434013.0|172.016.116.201|portsweep
52.211313|2886759468|923434016.0|923434019.0|172.016.116.044|portsweep
52.211313|2886759468|923434022.0|923434025.0|172.016.116.044|portsweep
52.211313|2886759468|923434028.0|923434031.0|172.016.116.044|portsweep
52.211313|2886759468|923434034.0|923434037.0|172.016.116.044|portsweep
52.211313|2886759468|923434040.0|923434043.0|172.016.116.044|portsweep
52.211313|2886758410|923434046.0|923434049.0|172.016.112.010|portsweep
52.211313|2886758410|923434052.0|923434055.0|172.016.112.010|portsweep
52.211313|2886758410|923434058.0|923434061.0|172.016.112.010|portsweep
52.211313|2886758410|923434064.0|923434067.0|172.016.112.010|portsweep
52.211313|2886758410|923434070.0|923434073.0|172.016.112.010|portsweep
52.211313|2886759812|923434076.0|923434079.0|172.016.117.132|portsweep
52.211313|2886759812|923434082.0|923434085.0|172.016.117.132|portsweep
52.211313|2886759812|923434088.0|923434091.0|172.016.117.132|portsweep
52.211313|2886759812|923434094.0|923434097.0|172.016.117.132|portsweep
52.211313|2886759812|923434100.0|923434103.0|172.016.117.132|portsweep
52.211313|2886759732|923434106.0|923434109.0|172.016.117.052|portsweep
52.211313|2886759732|923434112.0|923434115.0|172.016.117.052|portsweep
52.211313|2886759732|923434118.0|923434121.0|172.016.117.052|portsweep
52.211313|2886759732|923434124.0|923434127.0|172.016.117.052|portsweep
52.211313|2886759732|923434130.0|923434133.0|172.016.117.052|portsweep
52.211313|2886759080|923434136.0|923434139.0|172.016.114.168|portsweep
52.211313|2886759080|923434142.0|923434145.0|172.016.114.168|portsweep
52.211313|2886759080|923434148.0|923434151.0|172.016.114.168|portsweep
52.211313|2886759080|923434154.0|923434157.0|172.016.114.168|portsweep
52.211313|2886759080|923434160.0|923434163.0|172.016.114.168|portsweep
52.211313|2886759791|923434166.0|923434169.0|172.016.117.111|portsweep
52.211313|2886759791|923434172.0|923434175.0|172.016.117.111|portsweep
52.211313|2886759791|923434178.0|923434181.0|172.016.117.111|portsweep
52.211313|2886759791|923434184.0|923434187.0|172.016.117.111|portsweep
52.211313|2886759791|923434190.0|923434193.0|172.016.117.111|portsweep
52.211313|2886759783|923434196.0|923434199.0|172.016.117.103|portsweep
52.211313|2886759783|923434202.0|923434205.0|172.016.117.103|portsweep
52.211313|2886759783|923434208.0|923434211.0|172.016.117.103|portsweep
52.211313|2886759783|923434214.0|923434217.0|172.016.117.103|portsweep
52.211313|2886759783|923434220.0|923434223.0|172.016.117.103|portsweep
52.211313|2886758600|923434226.0|923434229.0|172.016.112.200|portsweep
52.211313|2886758600|923434232.0|923434235.0|172.016.112.200|portsweep
52.211313|2886758600|923434238.0|923434241.0|172.016.112.200|portsweep
52.211313|2886758600|923434244.0|923434247.0|172.016.112.200|portsweep
52.211313|2886758600|923434250.0|923434253.0|172.016.112.200|portsweep
52.211313|2886758761|923434256.0|923434259.0|172.016.113.105|portsweep
52.211313|2886758761|923434262.0|923434265.0|172.016.113.105|portsweep
52.211313|2886758761|923434268.0|923434271.0|172.016.113.105|portsweep
52.211313|2886758761|923434274.0|923434277.0|172.016.113.105|portsweep
52.211313|2886758761|923434280.0|923434283.0|172.016.113.105|portsweep
52.211313|2886758860|923434286.0|923434289.0|172.016.113.204|portsweep
52.211313|2886758860|923434292.0|923434295.0|172.016.113.204|portsweep
52.211313|2886758860|923434298.0|923434301.0|172.016.113.204|portsweep
52.211313|2886758860|923434304.0|923434307.0|172.016.113.204|portsweep
52.211313|2886758860|923434310.0|923434313.0|172.016.113.204|portsweep
52.211313|2886758549|923434316.0|923434319.0|172.016.112.149|portsweep
52.211313|2886758549|923434322.0|923434325.0|172.016.112.149|portsweep
52.211313|2886758549|923434328.0|923434331.0|172.016.112.149|portsweep
52.211313|2886758549|923434334.0|923434337.0|172.016.112.149|portsweep
52.211313|2886758549|923434340.0|923434343.0|172.016.112.149|portsweep
52.211313|2886759119|923434347.0|923434350.0|172.016.114.207|portsweep
52.211313|2886759119|923434353.0|923434356.0|172.016.114.207|portsweep
52.211313|2886759119|923434359.0|923434362.0|172.016.114.207|portsweep
52.211313|2886759119|923434365.0|923434368.0|172.016.114.207|portsweep
52.211313|2886759119|923434371.0|923434374.0|172.016.114.207|portsweep
52.211313|2886760036|923434377.0|923434380.0|172.016.118.100|portsweep
52.211313|2886760036|923434383.0|923434386.0|172.016.118.100|portsweep
52.211313|2886760036|923434389.0|923434392.0|172.016.118.100|portsweep
52.211313|2886760036|923434395.0|923434398.0|172.016.118.100|portsweep
52.211313|2886760036|923434401.0|923434404.0|172.016.118.100|portsweep
52.211313|2886758706|923434407.0|923434410.0|172.016.113.050|portsweep
52.211313|2886758706|923434413.0|923434416.0|172.016.113.050|portsweep
52.211313|2886758706|923434419.0|923434422.0|172.016.113.050|portsweep
52.211313|2886758706|923434425.0|923434428.0|172.016.113.050|portsweep
52.211313|2886758706|923434431.0|923434434.0|172.016.113.050|portsweep
52.211313|2886758962|923434437.0|923434440.0|172.016.114.050|portsweep
52.211313|2886758962|923434443.0|923434446.0|172.016.114.050|portsweep
52.211313|2886758962|923434449.0|923434452.0|172.016.114.050|portsweep
52.211313|2886758962|923434455.0|923434458.0|172.016.114.050|portsweep
52.211313|2886758962|923434461.0|923434464.0|172.016.114.050|portsweep
52.211313|2886758450|923434467.0|923434470.0|172.016.112.050|portsweep
52.211313|2886758450|923434473.0|923434476.0|172.016.112.050|portsweep
52.211313|2886758450|923434479.0|923434482.0|172.016.112.050|portsweep
52.211313|2886758450|923434485.0|923434488.0|172.016.112.050|portsweep
52.211313|2886758450|923434491.0|923434494.0|172.016.112.050|portsweep
52.211313|2886758962|923434497.0|923434500.0|172.016.114.050|portsweep
52.211313|2886758962|923434503.0|923434506.0|172.016.114.050|portsweep
52.211313|2886758962|923434509.0|923434512.0|172.016.114.050|portsweep
52.211313|2886758962|923434515.0|923434518.0|172.016.114.050|portsweep
52.211313|2886758962|923434521.0|923434524.0|172.016.114.050|portsweep
52.214522|2886758962|923435102.0|923435190.0|172.016.114.050|ncftp
52.214522|2886759956|923435124.0|923435170.0|172.016.118.020|ncftp
53.045454|2886758450|923547859.0|923548101.0|172.016.112.050|selfping
53.084346|2886758450|923474762.0|923474787.0|172.016.112.050|xlock
53.085717|2886758962|923475496.0|923475497.0|172.016.114.050|phf
53.092039|2886758450|923478240.0|923479140.0|172.016.112.050|tcpreset
53.094800|2886758500|923478633.0|923478638.0|172.016.112.100|netbus
53.094800|2886758500|923486625.0|923486701.0|172.016.112.100|netbus
53.102617|2886758962|923480772.0|923480776.0|172.016.114.050|back
53.110500|3317062633|923483216.0|923483217.0|197.182.091.233|netcat
53.110500|2886758500|923484938.0|923485027.0|172.016.112.100|netcat
53.110516|2886758962|923484736.0|923484737.0|172.016.114.050|queso
53.110516|2886758962|923484857.0|923484858.0|172.016.114.050|queso
53.110516|2886758962|923484978.0|923484979.0|172.016.114.050|queso
53.110516|2886758962|923485119.0|923485120.0|172.016.114.050|queso
53.110516|2886758962|923485240.0|923485241.0|172.016.114.050|queso
53.110516|2886758962|923485380.0|923485381.0|172.016.114.050|queso
53.110516|2886758962|923485520.0|923485521.0|172.016.114.050|queso
53.123735|2886758962|923488630.0|923488631.0|172.016.114.050|portsweep
53.123735|2886758962|923488636.0|923488637.0|172.016.114.050|portsweep
53.123735|2886758962|923488696.0|923488697.0|172.016.114.050|portsweep
53.123735|2886758962|923488756.0|923488757.0|172.016.114.050|portsweep
53.123735|2886758962|923488816.0|923488817.0|172.016.114.050|portsweep
53.123735|2886758962|923488876.0|923488877.0|172.016.114.050|portsweep
53.123735|2886758962|923488937.0|923488938.0|172.016.114.050|portsweep
53.123735|2886758962|923488997.0|923488998.0|172.016.114.050|portsweep
53.123735|2886758962|923489003.0|923489004.0|172.016.114.050|portsweep
53.123735|2886758962|923489069.0|923489070.0|172.016.114.050|portsweep
53.123735|2886758962|923489129.0|923489130.0|172.016.114.050|portsweep
53.123735|2886758962|923489135.0|923489136.0|172.016.114.050|portsweep
53.123735|2886758962|923489201.0|923489202.0|172.016.114.050|portsweep
53.133203|2886758607|923491997.0|923492643.0|172.016.112.207|perl
53.134015|2886758450|923492424.0|923492425.0|172.016.112.050|queso
53.134015|2886758450|923492605.0|923492606.0|172.016.112.050|queso
53.134015|2886758450|923492805.0|923492806.0|172.016.112.050|queso
53.134015|2886758450|923493005.0|923493006.0|172.016.112.050|queso
53.134015|2886758450|923493205.0|923493206.0|172.016.112.050|queso
53.134015|2886758450|923493389.0|923493390.0|172.016.112.050|queso
53.134015|2886758450|923493573.0|923493574.0|172.016.112.050|queso
53.144800|2886729729|923496575.0|923496577.0|172.016.000.001|snmpget
53.144800|2886729729|923496582.0|923496583.0|172.016.000.001|snmpget
53.144800|2886729729|923496587.0|923496588.0|172.016.000.001|snmpget
53.144800|2886729729|923496592.0|923496593.0|172.016.000.001|snmpget
53.144800|2886729729|923496597.0|923496598.0|172.016.000.001|snmpget
53.144800|2886729729|923496602.0|923496603.0|172.016.000.001|snmpget
53.144800|2886729729|923496607.0|923496608.0|172.016.000.001|snmpget
53.144800|2886729729|923496612.0|923496613.0|172.016.000.001|snmpget
53.144800|2886729729|923496618.0|923496619.0|172.016.000.001|snmpget
53.144800|2886729729|923496623.0|923496624.0|172.016.000.001|snmpget
53.144800|2886729729|923496628.0|923496629.0|172.016.000.001|snmpget
53.144800|2886729729|923496633.0|923496634.0|172.016.000.001|snmpget
53.144800|2886729729|923496638.0|923496639.0|172.016.000.001|snmpget
53.144800|2886729729|923496643.0|923496644.0|172.016.000.001|snmpget
53.144800|2886729729|923496648.0|923496649.0|172.016.000.001|snmpget
53.144800|2886729729|923496653.0|923496654.0|172.016.000.001|snmpget
53.144800|2886729729|923496658.0|923496659.0|172.016.000.001|snmpget
53.144800|2886729729|923496663.0|923496664.0|172.016.000.001|snmpget
53.144800|2886729729|923496668.0|923496669.0|172.016.000.001|snmpget
53.144800|2886729729|923496673.0|923496674.0|172.016.000.001|snmpget
53.144800|2886729729|923496679.0|923496680.0|172.016.000.001|snmpget
53.150110|2886758706|923497276.0|923499141.0|172.016.113.050|processtable
53.152648|2886758962|923498775.0|923498884.0|172.016.114.050|back
53.155432|2886758450|923500759.0|923525459.0|172.016.112.050|ffbconfig
53.155432|2886758450|923500459.0|923500460.0|172.016.112.050|ffbconfig
53.171350|2886758962|923505197.0|923505716.0|172.016.114.050|apache2
53.195130|2886758450|923514679.0|923514684.0|172.016.112.050|portsweep
53.195130|2886758450|923514685.0|923514699.0|172.016.112.050|portsweep
53.195130|2886758450|923514700.0|923514711.0|172.016.112.050|portsweep
53.195130|2886758450|923514712.0|923514725.0|172.016.112.050|portsweep
53.195130|2886758450|923514726.0|923514735.0|172.016.112.050|portsweep
53.195130|2886758450|923514736.0|923514739.0|172.016.112.050|portsweep
53.195130|2886758450|923514740.0|923514755.0|172.016.112.050|portsweep
53.195130|2886758450|923514756.0|923514768.0|172.016.112.050|portsweep
53.195130|2886758450|923514769.0|923514782.0|172.016.112.050|portsweep
53.195130|2886758450|923514783.0|923514787.0|172.016.112.050|portsweep
54.082003|2886758450|923560380.0|923560560.0|172.016.112.050|ps
54.090101|2886758962|923562068.0|923562073.0|172.016.114.050|phf
54.090101|2886758962|923563893.0|923563901.0|172.016.114.050|phf
54.090101|2886758962|923563903.0|923563909.0|172.016.114.050|phf
54.090101|2886758962|923563923.0|923563930.0|172.016.114.050|phf
54.090101|2886758962|923563939.0|923563950.0|172.016.114.050|phf
54.090101|2886758962|923563957.0|923563962.0|172.016.114.050|phf
54.090101|2886758962|923563968.0|923563974.0|172.016.114.050|phf
54.091200|2886758500|923562980.0|923563058.0|172.016.112.100|casesen
54.091200|2886758549|923563038.0|923563039.0|172.016.112.149|casesen
54.091200|2886758549|923563044.0|923563045.0|172.016.112.149|casesen
54.091200|2886758549|923563048.0|923563049.0|172.016.112.149|casesen
54.091200|2886758549|923563053.0|923563054.0|172.016.112.149|casesen
54.091200|2886758500|923563072.0|923563655.0|172.016.112.100|casesen
54.091200|2886758500|923570069.0|923570407.0|172.016.112.100|casesen
54.102102|2886758500|923566860.0|923567760.0|172.16.112.100|ntfsdos
54.103459|2886758450|923567651.0|923567652.0|172.016.112.050|portsweep
54.103459|2886758450|923567822.0|923567823.0|172.016.112.050|portsweep
54.103459|2886758450|923567994.0|923567995.0|172.016.112.050|portsweep
54.110416|2886758500|923570797.0|923571766.0|172.016.112.100|ntinfoscan
54.110416|3459263506|923570798.0|923570799.0|206.048.044.018|ntinfoscan
54.115000|2886758500|923572325.0|923572656.0|172.016.112.100|yaga
54.115000|2886758500|923573060.0|923573264.0|172.016.112.100|yaga
54.115701|2886758500|923572621.0|923573524.0|172.016.112.100|crashiis
54.120600|3290778526|923573190.0|923573191.0|196.037.075.158|httptunnel
54.120600|3290778526|923573220.0|923573221.0|196.037.075.158|httptunnel
54.120600|3290778526|923573250.0|923573251.0|196.037.075.158|httptunnel
54.120600|3290778526|923573280.0|923573281.0|196.037.075.158|httptunnel
54.120600|3290778526|923573310.0|923573311.0|196.037.075.158|httptunnel
54.120600|3290778526|923573340.0|923573341.0|196.037.075.158|httptunnel
54.120600|3290778526|923573370.0|923573371.0|196.037.075.158|httptunnel
54.120600|3290778526|923573400.0|923573401.0|196.037.075.158|httptunnel
54.125758|2886758450|923576237.0|923576374.0|172.016.112.050|fdformat
54.125758|3256613653|923576346.0|923576347.0|194.027.251.021|fdformat
54.125758|2886758450|923577114.0|923578647.0|172.016.112.050|fdformat
54.145832|2886758962|923583509.0|923583641.0|172.016.114.050|satan
54.155338|2886758962|923586798.0|923587699.0|172.016.114.050|teardrop
54.160341|2886758500|923587395.0|923587402.0|172.016.112.100|sechole
54.160341|3505421395|923587400.0|923587402.0|208.240.124.083|sechole
54.160341|2886758500|923587404.0|923587806.0|172.016.112.100|sechole
54.160341|2886758500|923588408.0|923588711.0|172.016.112.100|sechole
54.171643|2886758401|923591770.0|923591771.0|172.016.112.001|ipsweep
54.171643|2886758402|923591780.0|923591781.0|172.016.112.002|ipsweep
54.171643|2886758403|923591790.0|923591791.0|172.016.112.003|ipsweep
54.171643|2886758404|923591800.0|923591801.0|172.016.112.004|ipsweep
54.171643|2886758405|923591810.0|923591811.0|172.016.112.005|ipsweep
54.171643|3481818847|923591810.0|923591811.0|207.136.086.223|ipsweep
54.171643|2886758406|923591820.0|923591821.0|172.016.112.006|ipsweep
54.171643|2886758407|923591830.0|923591831.0|172.016.112.007|ipsweep
54.171643|2886758408|923591840.0|923591841.0|172.016.112.008|ipsweep
54.171643|2886758409|923591850.0|923591851.0|172.016.112.009|ipsweep
54.171643|2886758410|923591860.0|923591861.0|172.016.112.010|ipsweep
54.171643|3481818847|923591860.0|923591861.0|207.136.086.223|ipsweep
54.175007|2886729729|923593812.0|923593813.0|172.016.000.001|snmpget
54.175007|2886729729|923593817.0|923593818.0|172.016.000.001|snmpget
54.175007|2886729729|923593822.0|923593823.0|172.016.000.001|snmpget
54.175007|2886729729|923593828.0|923593829.0|172.016.000.001|snmpget
54.175007|2886729729|923593833.0|923593834.0|172.016.000.001|snmpget
54.175007|2886729729|923593838.0|923593839.0|172.016.000.001|snmpget
54.175007|2886729729|923593843.0|923593844.0|172.016.000.001|snmpget
54.175007|2886729729|923593848.0|923593849.0|172.016.000.001|snmpget
54.175007|2886729729|923593853.0|923593854.0|172.016.000.001|snmpget
54.175007|2886729729|923593858.0|923593859.0|172.016.000.001|snmpget
54.175007|2886729729|923593863.0|923593864.0|172.016.000.001|snmpget
54.175007|2886729729|923593868.0|923593869.0|172.016.000.001|snmpget
54.175007|2886729729|923593873.0|923593874.0|172.016.000.001|snmpget
54.175007|2886729729|923593878.0|923593879.0|172.016.000.001|snmpget
54.175007|2886729729|923593883.0|923593884.0|172.016.000.001|snmpget
54.175007|2886729729|923593888.0|923593889.0|172.016.000.001|snmpget
54.175007|2886729729|923593893.0|923593894.0|172.016.000.001|snmpget
54.175007|2886729729|923593899.0|923593900.0|172.016.000.001|snmpget
54.175007|2886729729|923593904.0|923593905.0|172.016.000.001|snmpget
54.175007|2886729729|923593909.0|923593910.0|172.016.000.001|snmpget
54.175007|2886729729|923593914.0|923593915.0|172.016.000.001|snmpget
54.175007|2886729729|923593919.0|923593920.0|172.016.000.001|snmpget
54.175007|2886729729|923593924.0|923593925.0|172.016.000.001|snmpget
54.175007|2886729729|923593929.0|923593930.0|172.016.000.001|snmpget
54.175007|2886729729|923593934.0|923593935.0|172.016.000.001|snmpget
54.175007|2886729729|923593939.0|923593940.0|172.016.000.001|snmpget
54.175007|2886729729|923593944.0|923593945.0|172.016.000.001|snmpget
54.175007|2886729729|923593949.0|923593950.0|172.016.000.001|snmpget
54.175007|2886729729|923593954.0|923593955.0|172.016.000.001|snmpget
54.175007|2886729729|923593959.0|923593960.0|172.016.000.001|snmpget
54.175007|2886729729|923593965.0|923593966.0|172.016.000.001|snmpget
54.175007|2886729729|923593970.0|923593971.0|172.016.000.001|snmpget
54.175007|2886729729|923593975.0|923593976.0|172.016.000.001|snmpget
54.175007|2886729729|923593980.0|923593981.0|172.016.000.001|snmpget
54.175007|2886729729|923593985.0|923593986.0|172.016.000.001|snmpget
54.175007|2886729729|923593990.0|923593991.0|172.016.000.001|snmpget
54.175007|2886729729|923593995.0|923593996.0|172.016.000.001|snmpget
54.175007|2886729729|923594000.0|923594001.0|172.016.000.001|snmpget
54.175007|2886729729|923594005.0|923594006.0|172.016.000.001|snmpget
54.175007|2886729729|923594010.0|923594011.0|172.016.000.001|snmpget
54.175007|2886729729|923594015.0|923594016.0|172.016.000.001|snmpget
54.175007|2886729729|923594020.0|923594021.0|172.016.000.001|snmpget
54.175007|2886729729|923594026.0|923594027.0|172.016.000.001|snmpget
54.175007|2886729729|923594031.0|923594032.0|172.016.000.001|snmpget
54.175007|2886729729|923594036.0|923594037.0|172.016.000.001|snmpget
54.175007|2886729729|923594041.0|923594042.0|172.016.000.001|snmpget
54.175007|2886729729|923594046.0|923594047.0|172.016.000.001|snmpget
54.175007|2886729729|923594051.0|923594052.0|172.016.000.001|snmpget
54.175007|2886729729|923594056.0|923594057.0|172.016.000.001|snmpget
54.175007|2886729729|923594061.0|923594062.0|172.016.000.001|snmpget
54.175007|2886729729|923594066.0|923594067.0|172.016.000.001|snmpget
54.175007|2886729729|923594071.0|923594072.0|172.016.000.001|snmpget
54.175007|2886729729|923594076.0|923594077.0|172.016.000.001|snmpget
54.175007|2886729729|923594081.0|923594082.0|172.016.000.001|snmpget
54.175007|2886729729|923594086.0|923594087.0|172.016.000.001|snmpget
54.175007|2886729729|923594092.0|923594093.0|172.016.000.001|snmpget
54.175007|2886729729|923594097.0|923594098.0|172.016.000.001|snmpget
54.175007|2886729729|923594102.0|923594103.0|172.016.000.001|snmpget
54.175007|2886729729|923594107.0|923594108.0|172.016.000.001|snmpget
54.175007|2886729729|923594112.0|923594113.0|172.016.000.001|snmpget
54.175007|2886729729|923594117.0|923594118.0|172.016.000.001|snmpget
54.183002|2886758500|923596260.0|923597229.0|172.016.112.100|ntinfoscan
54.183002|3459263506|923596260.0|923596261.0|206.048.044.018|ntinfoscan
54.183002|2886758500|923597230.0|923597231.0|172.016.112.100|ntinfoscan
54.190707|2886758420|923598511.0|923598512.0|172.016.112.020|ls_domain
54.194108|2886758450|923600474.0|923600515.0|172.016.112.050|warez
54.194108|3508422158|923600504.0|923600505.0|209.030.070.014|warez
54.225131|2886758500|923611874.0|923612195.0|172.016.112.100|arppoison
54.225131|2886758500|923612396.0|923613555.0|172.016.112.100|arppoison
55.080105|3459263538|923644888.0|923644889.0|206.048.044.050|portsweep
55.080105|3459263538|923644899.0|923644900.0|206.048.044.050|portsweep
55.080105|3459263538|923644916.0|923644917.0|206.048.044.050|portsweep
55.080500|2886758706|923645317.0|923645396.0|172.016.113.050|xsnoop
55.081418|2886758500|923645657.0|923646602.0|172.016.112.100|crashiis
55.084452|2886758962|923647456.0|923647565.0|172.016.114.050|back
55.085514|2886758500|923648251.0|923648252.0|172.016.112.100|netcat
55.085514|2886758500|923659388.0|923659492.0|172.016.112.100|netcat
55.091529|2886758607|923649377.0|923649709.0|172.016.112.207|xterm
55.091529|3256613653|923649508.0|923649547.0|194.027.251.021|xterm
55.093137|2886758450|923650271.0|923650272.0|172.016.112.050|portsweep
55.093137|2567571630|923650271.0|923650272.0|153.010.008.174|portsweep
55.093137|2886758450|923650471.0|923650472.0|172.016.112.050|portsweep
55.093137|2567571630|923650471.0|923650472.0|153.010.008.174|portsweep
55.093137|2886758450|923650671.0|923650672.0|172.016.112.050|portsweep
55.093137|2567571630|923650671.0|923650672.0|153.010.008.174|portsweep
55.100600|2886758500|923654700.0|923655600.0|172.016.112.100|anypw
55.100600|2886758500|923654776.0|923654933.0|172.016.112.100|anypw
55.100830|2886758450|923652493.0|923652498.0|172.016.112.050|guest
55.100830|2886758450|923652499.0|923652504.0|172.016.112.050|guest
55.100830|2886758450|923652505.0|923652510.0|172.016.112.050|guest
55.100830|2886758450|923652511.0|923652516.0|172.016.112.050|guest
55.100830|2886758450|923652517.0|923652522.0|172.016.112.050|guest
55.100830|2886758450|923652523.0|923652528.0|172.016.112.050|guest
55.100830|2886758450|923652529.0|923652539.0|172.016.112.050|guest
55.100830|2886758450|923652540.0|923652545.0|172.016.112.050|guest
55.102000|2886758500|923653200.0|923653500.0|172.016.112.100|tcpreset
55.103001|2886758962|923654100.0|923654400.0|172.016.114.050|perl
55.110800|2886758500|923656226.0|923656231.0|172.016.112.100|framespoofer
55.110800|3256613653|923656628.0|923656629.0|194.027.251.021|framespoofer
55.110800|3256613653|923656634.0|923656638.0|194.027.251.021|framespoofer
55.110800|3256613653|923656640.0|923656655.0|194.027.251.021|framespoofer
55.115202|2886758706|923658730.0|923658731.0|172.016.113.050|portsweep
55.115202|2886758706|923658736.0|923658737.0|172.016.113.050|portsweep
55.115202|2886758706|923658842.0|923658843.0|172.016.113.050|portsweep
55.115202|2886758706|923658848.0|923658849.0|172.016.113.050|portsweep
55.115202|2886758706|923658955.0|923658956.0|172.016.113.050|portsweep
55.115202|2886758706|923658961.0|923658962.0|172.016.113.050|portsweep
55.115202|2886758706|923659067.0|923659068.0|172.016.113.050|portsweep
55.115202|2886758706|923659073.0|923659074.0|172.016.113.050|portsweep
55.123412|2886758594|923661255.0|923661317.0|172.016.112.194|sqlattack
55.124400|2886758500|923661878.0|923662737.0|172.016.112.100|yaga
55.124400|2886758500|923662746.0|923662940.0|172.016.112.100|yaga
55.125112|2886758500|923662272.0|923663204.0|172.016.112.100|crashiis
55.125811|2886758500|923662691.0|923662871.0|172.016.112.100|telnet
55.125811|2886758500|923662872.0|923663082.0|172.016.112.100|telnet
55.125811|2886758500|923663083.0|923663294.0|172.016.112.100|telnet
55.125830|2886758500|923662710.0|923663613.0|172.016.112.100|crashiis
55.140643|2886758450|923666775.0|923667676.0|172.016.112.050|syslogd
55.141732|2886758450|923667448.0|923667473.0|172.016.112.050|eject
55.141732|3459263538|923667462.0|923667471.0|206.048.044.050|eject
55.141732|2886758450|923667677.0|923667706.0|172.016.112.050|eject
55.163447|2886758706|923668347.0|923669248.0|172.016.113.050|land
55.171917|2886758450|923669790.0|923670691.0|172.016.112.050|syslogd
55.172757|2886758962|923678835.0|923678846.0|172.016.114.050|sendmail
55.174733|2886758761|923680035.0|923680065.0|172.016.113.105|xterm
55.174733|3393716557|923680053.0|923680054.0|202.072.001.077|xterm
55.174733|3393716557|923680058.0|923680059.0|202.072.001.077|xterm
55.174733|2886758761|923680605.0|923682295.0|172.016.113.105|xterm
55.183012|2886758706|923682604.0|923682613.0|172.016.113.050|neptune
55.184715|2886758962|923683634.0|923685783.0|172.016.114.050|perl
55.185233|2886758450|923683929.0|923683970.0|172.016.112.050|warez
55.185233|3459211927|923683959.0|923683960.0|206.047.098.151|warez
55.202002|2886729729|923689220.0|923689221.0|172.016.000.001|queso
55.202002|2886729729|923689401.0|923689402.0|172.016.000.001|queso
55.202002|2886729729|923689582.0|923689583.0|172.016.000.001|queso
55.202002|2886729729|923689763.0|923689764.0|172.016.000.001|queso
55.202002|2886729729|923689944.0|923689945.0|172.016.000.001|queso
55.202002|2886729729|923690125.0|923690126.0|172.016.000.001|queso
55.202002|2886729729|923690306.0|923690307.0|172.016.000.001|queso
55.204925|2886758500|923690957.0|923690971.0|172.016.112.100|casesen
55.204925|3427218192|923690968.0|923690971.0|204.071.051.016|casesen
55.204925|2886758500|923690973.0|923692075.0|172.016.112.100|casesen
55.204925|2886758500|923692978.0|923693584.0|172.016.112.100|casesen
55.200530|2886758450|923688330.0|923688930.0|172.016.112.050|secret
